ID,Tipo,SKU,Nombre,Categoria,Precio,Costo,Stock,Alerta Stock,Descripcion,Imagen URL,Activo
41367bff-41c0-4c6c-8fec-fac294b638e3,Variant,ML-MLA1590456498-180956113627,"Caja De Carton Marca Lagomarsino - Caqui","",6999,0,11,5,"Importado de Mercado Libre - MLA1590456498",http://http2.mlstatic.com/D_880754-MLA73182444854_122023-O.jpg,Si
456b3015-6c57-42d0-b548-e6021924de41,Variant,ML-MLA1437774008-178046618604,"Tabla De Virapitá 50x27x2 Cm Con Herraduras De Hierro - MuyCriollo","",67030.51,0,2,-1,"Importado de Mercado Libre - MLA1437774008",http://http2.mlstatic.com/D_849251-MLA70124945879_062023-O.jpg,Si
26ee0564-b987-4ca5-9f7e-9ca3392c77b6,Variant,ML-MLA1369415317,"Cuchillo Artesanal Mission L 0110 - Principal","",24805.1,0,2,-1,"Importado de Mercado Libre - MLA1369415317",http://http2.mlstatic.com/D_888000-MLA69389322337_052023-O.jpg,Si
b59e08c0-8d7a-473d-b7db-40509bb98b23,Variant,ML-MLA1495453484,"Cuchillo Artesanal Mission Verijero Inoxidable 101 - Principal","",27610.74,0,2,-1,"Importado de Mercado Libre - MLA1495453484",http://http2.mlstatic.com/D_743151-MLA71502330357_092023-O.jpg,Si
e9b13af1-4b43-4c89-9ea3-237bf2bbfae0,Variant,ML-MLA1369427813,"Cuchillo Artesanal Mission Campero Mediano Embutido 0800 - Principal","",39999,0,2,-1,"Importado de Mercado Libre - MLA1369427813",http://http2.mlstatic.com/D_942533-MLA69379687054_052023-O.jpg,Si
ea1b540f-6f9b-4468-a4b1-73f4f81be073,Variant,ML-MLA1368679547,"Cuchilla Artesanal Mission N 16 Asta De Ciervo 0306 - Principal","",68340.55,0,2,-1,"Importado de Mercado Libre - MLA1368679547",http://http2.mlstatic.com/D_633039-MLA69261752726_052023-O.jpg,Si
b8568ff7-f746-462b-905d-afdc61044b2a,Variant,ML-MLA1408907486,"Cuchillo Artesanal Mission Juego Camp Grande Embutido 0810 - Principal","",66821.85,0,2,-1,"Importado de Mercado Libre - MLA1408907486",http://http2.mlstatic.com/D_885483-MLA69379689656_052023-O.jpg,Si
a4aad061-718d-4d0d-8425-68067a7f3180,Variant,ML-MLA1369210353,"Cuchilla Artesanal Mission N 14 Grande 0301 - Principal","",43666.73,0,2,-1,"Importado de Mercado Libre - MLA1369210353",http://http2.mlstatic.com/D_707950-MLA69336679480_052023-O.jpg,Si
803d9d52-e927-4ce3-a009-3dba14785aa3,Variant,ML-MLA1415564268,"Cuchillo Artesanal Mission Campero Grande Asta Ciervo 0803 - Principal","",50622.62,0,2,-1,"Importado de Mercado Libre - MLA1415564268",http://http2.mlstatic.com/D_717514-MLA69379551002_052023-O.jpg,Si
f3977c1e-1660-4d1a-a82c-f4c12e1de526,Variant,ML-MLA1369199199,"Cuchilla Artesanal Mission N 16 Inoxidable 1001 - Principal","",46793.16,0,3,-1,"Importado de Mercado Libre - MLA1369199199",http://http2.mlstatic.com/D_979312-MLA69336312034_052023-O.jpg,Si
452e4452-a17b-45f3-9bfa-bac563ade577,Variant,ML-MLA1368258495,"Cuchillo Artesanal Mission N 1 Inoxidable 103 - Principal","",27612.79,0,2,-1,"Importado de Mercado Libre - MLA1368258495",http://http2.mlstatic.com/D_690922-MLA54981523501_052023-O.jpg,Si
3ea77feb-acd3-4e5f-b5f1-8d4584d1a0f6,Variant,ML-MLA1369428999,"Cuchillo Artesanal Mission Juego P 2 0043 - Principal","",43999,0,1,-1,"Importado de Mercado Libre - MLA1369428999",http://http2.mlstatic.com/D_767629-MLA69389747695_052023-O.jpg,Si
e2668f02-3cd8-4f66-8daf-f03c4aa8b779,Variant,ML-MLA1415959502,"Cuchillo Artesanal Mission Juego N 23 0820 - Principal","",47079.1,0,1,-1,"Importado de Mercado Libre - MLA1415959502",http://http2.mlstatic.com/D_773511-MLA69389996071_052023-O.jpg,Si
c0de0003-d636-4a73-8fa6-6ff5b2ee0b89,Variant,ML-MLA1376837251,"Cuchillo Artesanal Mission P 3 Asta De Ciervo 0126 - Principal","",51560.11,0,6,-1,"Importado de Mercado Libre - MLA1376837251",http://http2.mlstatic.com/D_926244-MLA70461824579_072023-O.jpg,Si
e1315e6e-d700-4fc3-92ff-4a7e07a63bc1,Variant,ML-MLA1367867603,"Cuchillo Artesanal Mission P3 Asta De Ciervo C/ Chaira 0139  - Principal","",76438.91,0,1,-1,"Importado de Mercado Libre - MLA1367867603",http://http2.mlstatic.com/D_963654-MLA69141745417_042023-O.jpg,Si
e6b0fc7e-54bd-4c5d-92a7-6ad542022215,Variant,ML-MLA1407130920,"Cuchillo Artesanal Mission Verijero 0130 - Principal","",23403.57,0,3,-1,"Importado de Mercado Libre - MLA1407130920",http://http2.mlstatic.com/D_621907-MLA69152191240_042023-O.jpg,Si
9ce93fce-fcd5-48b7-b681-804d62d17e1c,Variant,ML-MLA1366827867,"Cuchillo Asta De Ciervo Mission Juego C/tenedor 0856a - Principal","",99726.62,0,4,-1,"Importado de Mercado Libre - MLA1366827867",http://http2.mlstatic.com/D_957140-MLA54965889717_042023-O.jpg,Si
dd208ec1-1fc0-43ef-9c54-e85a5d9854cb,Variant,ML-MLA1409175798,"Cuchillo Artesanal Mission Pablo Grande Embutido 0223 - Principal","",57203.61,0,2,-1,"Importado de Mercado Libre - MLA1409175798",http://http2.mlstatic.com/D_855559-MLA69379471680_052023-O.jpg,Si
a2feff83-648d-4e0a-9ffa-37556efd1ccd,Variant,ML-MLA1409175444,"Cuchillo Artesanal Mission Juego Camp Triple C/ Chaira 0812 - Principal","",82753.55,0,1,-1,"Importado de Mercado Libre - MLA1409175444",http://http2.mlstatic.com/D_857936-MLA69379471882_052023-O.jpg,Si
5f218ca2-9e8b-4c54-9fc9-cd09388ac036,Variant,ML-MLA1406637486,"Cuchillo Artesanal Mission P2 Embutido 0124 - Principal","",31386.05,0,2,-1,"Importado de Mercado Libre - MLA1406637486",http://http2.mlstatic.com/D_873670-MLA54982232928_042023-O.jpg,Si
95ca00e2-7ad3-4730-8a65-68e85bf6d79e,Variant,ML-MLA1408947094,"Cuchilla Artesanal Mission N16 C/ Chaira 0850 - Principal","",52755.32,0,2,-1,"Importado de Mercado Libre - MLA1408947094",http://http2.mlstatic.com/D_699771-MLA54987501770_052023-O.jpg,Si
2ee309b7-8943-4ee3-9c8d-fdfdc04ae6e8,Variant,ML-MLA1425492066-180531926979,"Delantal De Cuero 100% Vacuno Mission Unisex - Marron liso","",94172.86,0,2,-1,"Importado de Mercado Libre - MLA1425492066",http://http2.mlstatic.com/D_628859-MLA69687243357_052023-O.jpg,Si
dfb9c6a7-f4ac-405d-b6c8-fe37f6967430,Variant,ML-MLA1425492066-178433023223,"Delantal De Cuero 100% Vacuno Mission Unisex - Marrón","",94172.86,0,0,-1,"Importado de Mercado Libre - MLA1425492066",http://http2.mlstatic.com/D_628859-MLA69687243357_052023-O.jpg,Si
4f6cc693-53dc-46d1-89d1-ada2fff4230b,Variant,ML-MLA1433401450-178661906263,"Delantal De Jean Y Cuero 100% Vacuno Mission Unisex - Azul / -","",62373.82,0,2,-1,"Importado de Mercado Libre - MLA1433401450",http://http2.mlstatic.com/D_999155-MLA69981816575_062023-O.jpg,Si
927201b7-48bc-4e4a-a1c4-c8a63b586f34,Variant,ML-MLA1425621690-180533275813,"Faldon De Cuero 100% Vacuno Mission Unisex - Marron liso","",91726.78,0,2,-1,"Importado de Mercado Libre - MLA1425621690",http://http2.mlstatic.com/D_943528-MLA69672614810_052023-O.jpg,Si
75c05cbe-5089-45cc-84f4-de79ccb95fe1,Variant,ML-MLA1425621690-177832999372,"Faldon De Cuero 100% Vacuno Mission Unisex - Marrón","",91726.78,0,0,-1,"Importado de Mercado Libre - MLA1425621690",http://http2.mlstatic.com/D_943528-MLA69672614810_052023-O.jpg,Si
4cd6e413-0d4d-4759-a9f4-be3103e110d1,Variant,ML-MLA1397108045-180822230657,"Boina Lagomarsino Ro Hilo Vuelo 31 Talle Unico - Bordó / Único","",39999,0,3,1,"Importado de Mercado Libre - MLA1397108045",http://http2.mlstatic.com/D_633447-MLA73104147473_112023-O.jpg,Si
e4462e8b-1841-4412-b693-e27864e72740,Variant,ML-MLA1397108045-180822230659,"Boina Lagomarsino Ro Hilo Vuelo 31 Talle Unico - Blanco / Único","",39999,0,1,1,"Importado de Mercado Libre - MLA1397108045",http://http2.mlstatic.com/D_633447-MLA73104147473_112023-O.jpg,Si
3e8c89a1-0bb0-4824-814f-d5ad85c0ea32,Variant,ML-MLA1397108045-180822230661,"Boina Lagomarsino Ro Hilo Vuelo 31 Talle Unico - Verde musgo / Único","",39999,0,3,1,"Importado de Mercado Libre - MLA1397108045",http://http2.mlstatic.com/D_633447-MLA73104147473_112023-O.jpg,Si
2b89f02c-6066-48ab-bf6e-8ba0459312db,Variant,ML-MLA1619912962-181313642855,"Boina Gorra Vento Lagomarsino Algodon Pima - Azul oscuro / S","",79999,0,0,5,"Importado de Mercado Libre - MLA1619912962",http://http2.mlstatic.com/D_722878-MLA73802540927_012024-O.jpg,Si
d62e614c-8ed3-45dd-b533-72f3d60f25c6,Variant,ML-MLA1619912962-181313642859,"Boina Gorra Vento Lagomarsino Algodon Pima - Azul / M","",79999,0,0,5,"Importado de Mercado Libre - MLA1619912962",http://http2.mlstatic.com/D_722878-MLA73802540927_012024-O.jpg,Si
7089ddca-b5a4-4011-8a20-db9d75636f50,Variant,ML-MLA1619912962-181313642861,"Boina Gorra Vento Lagomarsino Algodon Pima - Azul / L","",79999,0,0,5,"Importado de Mercado Libre - MLA1619912962",http://http2.mlstatic.com/D_722878-MLA73802540927_012024-O.jpg,Si
87bbc8dc-f37b-4bda-bb1e-0d4feb5e5ddc,Variant,ML-MLA1619912962-181313642863,"Boina Gorra Vento Lagomarsino Algodon Pima - Azul / XL","",79999,0,0,5,"Importado de Mercado Libre - MLA1619912962",http://http2.mlstatic.com/D_722878-MLA73802540927_012024-O.jpg,Si
f4f5ea18-b58c-4c5a-b9c0-f9b48a2a2291,Variant,ML-MLA1619912962-181313642865,"Boina Gorra Vento Lagomarsino Algodon Pima - Beige / M","",79999,0,0,5,"Importado de Mercado Libre - MLA1619912962",http://http2.mlstatic.com/D_722878-MLA73802540927_012024-O.jpg,Si
8ff2239d-9a8e-4947-802c-6b35d68ac4d1,Variant,ML-MLA1619912962-181313642867,"Boina Gorra Vento Lagomarsino Algodon Pima - Beige / L","",79999,0,0,5,"Importado de Mercado Libre - MLA1619912962",http://http2.mlstatic.com/D_722878-MLA73802540927_012024-O.jpg,Si
fa6165c6-dfbb-4d45-bd82-ca6e4cf8f506,Variant,ML-MLA1619912962-181313642857,"Boina Gorra Vento Lagomarsino Algodon Pima - Beige / S","",79999,0,1,5,"Importado de Mercado Libre - MLA1619912962",http://http2.mlstatic.com/D_722878-MLA73802540927_012024-O.jpg,Si
45818201-380f-44c2-9fa3-c004e32bbee8,Variant,ML-MLA1619912962-181313642871,"Boina Gorra Vento Lagomarsino Algodon Pima - Beige / XXL","",79999,0,0,5,"Importado de Mercado Libre - MLA1619912962",http://http2.mlstatic.com/D_722878-MLA73802540927_012024-O.jpg,Si
4efa71f1-c3a8-4161-b844-580b5a283235,Variant,ML-MLA1619912962-181313642873,"Boina Gorra Vento Lagomarsino Algodon Pima - Azul oscuro / XXL","",79999,0,0,5,"Importado de Mercado Libre - MLA1619912962",http://http2.mlstatic.com/D_722878-MLA73802540927_012024-O.jpg,Si
8698d109-7e83-4002-86ba-3048c22d25d8,Variant,ML-MLA1619912962-181313642869,"Boina Gorra Vento Lagomarsino Algodon Pima - Beige / XL","",79999,0,1,5,"Importado de Mercado Libre - MLA1619912962",http://http2.mlstatic.com/D_722878-MLA73802540927_012024-O.jpg,Si
6a1dda34-a0e5-4499-b901-c1086d6729df,Variant,ML-MLA1364448783-177282338334,"Gorra Vento Lagomarsino Paño De Lana - Original - Bordó / M","",59999,0,1,5,"Importado de Mercado Libre - MLA1364448783",http://http2.mlstatic.com/D_862688-MLA54779219875_032023-O.jpg,Si
e3858375-e44b-4c32-90d9-f57a3dcb59ee,Variant,ML-MLA1364448783-177282338344,"Gorra Vento Lagomarsino Paño De Lana - Original - Beige / M","",59999,0,0,5,"Importado de Mercado Libre - MLA1364448783",http://http2.mlstatic.com/D_862688-MLA54779219875_032023-O.jpg,Si
15ac566a-9833-40ff-95ea-fd9118e562cf,Variant,ML-MLA1364448783-177282338336,"Gorra Vento Lagomarsino Paño De Lana - Original - Bordó / L","",59999,0,0,5,"Importado de Mercado Libre - MLA1364448783",http://http2.mlstatic.com/D_862688-MLA54779219875_032023-O.jpg,Si
738cb66a-6405-4f6e-877e-1a0bde37a77a,Variant,ML-MLA1364448783-177282338338,"Gorra Vento Lagomarsino Paño De Lana - Original - Bordó / XL","",59999,0,0,5,"Importado de Mercado Libre - MLA1364448783",http://http2.mlstatic.com/D_862688-MLA54779219875_032023-O.jpg,Si
9e35aa03-f08f-4703-bff9-32947c15c314,Variant,ML-MLA1364448783-177282338340,"Gorra Vento Lagomarsino Paño De Lana - Original - Bordó / XXL","",59999,0,0,5,"Importado de Mercado Libre - MLA1364448783",http://http2.mlstatic.com/D_862688-MLA54779219875_032023-O.jpg,Si
36c8bc31-c920-4b59-a7d2-6d5899215ca2,Variant,ML-MLA1364448783-177282338342,"Gorra Vento Lagomarsino Paño De Lana - Original - Negro / L","",59999,0,0,5,"Importado de Mercado Libre - MLA1364448783",http://http2.mlstatic.com/D_862688-MLA54779219875_032023-O.jpg,Si
ea4bf7f1-9d66-4b91-99fa-353b583684de,Variant,ML-MLA1364448783-177282338330,"Gorra Vento Lagomarsino Paño De Lana - Original - Bordó / S","",59999,0,0,5,"Importado de Mercado Libre - MLA1364448783",http://http2.mlstatic.com/D_862688-MLA54779219875_032023-O.jpg,Si
e660e998-b005-4683-90ee-d5a0fc006191,Variant,ML-MLA1364448783-177282338346,"Gorra Vento Lagomarsino Paño De Lana - Original - Beige / L","",59999,0,3,5,"Importado de Mercado Libre - MLA1364448783",http://http2.mlstatic.com/D_862688-MLA54779219875_032023-O.jpg,Si
ff2ce659-7289-4b94-bab2-ce15de0d6aca,Variant,ML-MLA1364448783-177282338348,"Gorra Vento Lagomarsino Paño De Lana - Original - Beige / XL","",59999,0,0,5,"Importado de Mercado Libre - MLA1364448783",http://http2.mlstatic.com/D_862688-MLA54779219875_032023-O.jpg,Si
0a8f2d00-4532-427a-8597-aa6bace23010,Variant,ML-MLA1364448783-177282338350,"Gorra Vento Lagomarsino Paño De Lana - Original - Marrón / XL","",59999,0,3,5,"Importado de Mercado Libre - MLA1364448783",http://http2.mlstatic.com/D_862688-MLA54779219875_032023-O.jpg,Si
e2385fed-8944-48c6-9c16-b1f87f409e74,Variant,ML-MLA1364448783-177282338352,"Gorra Vento Lagomarsino Paño De Lana - Original - Azul / M","",59999,0,0,5,"Importado de Mercado Libre - MLA1364448783",http://http2.mlstatic.com/D_862688-MLA54779219875_032023-O.jpg,Si
99efd73a-fedf-4fad-874c-4242037ace91,Variant,ML-MLA1364448783-177282338354,"Gorra Vento Lagomarsino Paño De Lana - Original - Azul / L","",59999,0,0,5,"Importado de Mercado Libre - MLA1364448783",http://http2.mlstatic.com/D_862688-MLA54779219875_032023-O.jpg,Si
3cc733c5-01ad-4e17-a28d-ec057088b0e6,Variant,ML-MLA1364448783-177282338356,"Gorra Vento Lagomarsino Paño De Lana - Original - Azul / XXL","",59999,0,1,5,"Importado de Mercado Libre - MLA1364448783",http://http2.mlstatic.com/D_862688-MLA54779219875_032023-O.jpg,Si
1f9906c9-cf2a-4052-b7be-9e9d6af6d62a,Variant,ML-MLA1364448783-178600854299,"Gorra Vento Lagomarsino Paño De Lana - Original - Azul / S","",59999,0,1,5,"Importado de Mercado Libre - MLA1364448783",http://http2.mlstatic.com/D_862688-MLA54779219875_032023-O.jpg,Si
bc9c9d55-8947-4b23-877a-ec10d7d12ca0,Variant,ML-MLA1364448783-178600854301,"Gorra Vento Lagomarsino Paño De Lana - Original - Azul / XL","",59999,0,0,5,"Importado de Mercado Libre - MLA1364448783",http://http2.mlstatic.com/D_862688-MLA54779219875_032023-O.jpg,Si
7eb94b06-2bf6-44f3-957c-7769872350d1,Variant,ML-MLA1364448783-178600438497,"Gorra Vento Lagomarsino Paño De Lana - Original - Beige / S","",59999,0,1,5,"Importado de Mercado Libre - MLA1364448783",http://http2.mlstatic.com/D_862688-MLA54779219875_032023-O.jpg,Si
e91e2710-3a46-4179-a050-e42690d622af,Variant,ML-MLA1364448783-178600438499,"Gorra Vento Lagomarsino Paño De Lana - Original - Beige / XXL","",59999,0,1,5,"Importado de Mercado Libre - MLA1364448783",http://http2.mlstatic.com/D_862688-MLA54779219875_032023-O.jpg,Si
c0086373-b6a4-453a-9bf5-0454c020bc95,Variant,ML-MLA1364448783-178659029197,"Gorra Vento Lagomarsino Paño De Lana - Original - Gris oscuro / XXL","",59999,0,0,5,"Importado de Mercado Libre - MLA1364448783",http://http2.mlstatic.com/D_862688-MLA54779219875_032023-O.jpg,Si
e635ff0c-9e78-41b1-9bd3-dfc581ce9f5f,Variant,ML-MLA1364448783-178659029199,"Gorra Vento Lagomarsino Paño De Lana - Original - Gris oscuro / XL","",59999,0,0,5,"Importado de Mercado Libre - MLA1364448783",http://http2.mlstatic.com/D_862688-MLA54779219875_032023-O.jpg,Si
65f960ac-3d20-4097-8877-c0084c829567,Variant,ML-MLA1364448783-178659029201,"Gorra Vento Lagomarsino Paño De Lana - Original - Gris oscuro / L","",59999,0,0,5,"Importado de Mercado Libre - MLA1364448783",http://http2.mlstatic.com/D_862688-MLA54779219875_032023-O.jpg,Si
9219a7d7-072f-48cb-9716-ce5aa9945ea3,Variant,ML-MLA1364448783-178659029203,"Gorra Vento Lagomarsino Paño De Lana - Original - Gris oscuro / M","",59999,0,0,5,"Importado de Mercado Libre - MLA1364448783",http://http2.mlstatic.com/D_862688-MLA54779219875_032023-O.jpg,Si
20f2e2e3-e4d7-4e25-8291-dfd1b39c00b8,Variant,ML-MLA1364448783-178659029205,"Gorra Vento Lagomarsino Paño De Lana - Original - Gris oscuro / S","",59999,0,0,5,"Importado de Mercado Libre - MLA1364448783",http://http2.mlstatic.com/D_862688-MLA54779219875_032023-O.jpg,Si
95b9ceeb-8cee-4064-9072-0494df6eebf4,Variant,ML-MLA1364448783-178941557165,"Gorra Vento Lagomarsino Paño De Lana - Original - Negro / S","",59999,0,1,5,"Importado de Mercado Libre - MLA1364448783",http://http2.mlstatic.com/D_862688-MLA54779219875_032023-O.jpg,Si
b361e55d-05ca-43c4-b022-6c4ef1a0e6f9,Variant,ML-MLA1364448783-178941557167,"Gorra Vento Lagomarsino Paño De Lana - Original - Negro / M","",59999,0,0,5,"Importado de Mercado Libre - MLA1364448783",http://http2.mlstatic.com/D_862688-MLA54779219875_032023-O.jpg,Si
468ce738-b2a3-4167-b1fc-127347af908b,Variant,ML-MLA1364448783-178941557169,"Gorra Vento Lagomarsino Paño De Lana - Original - Negro / XL","",59999,0,0,5,"Importado de Mercado Libre - MLA1364448783",http://http2.mlstatic.com/D_862688-MLA54779219875_032023-O.jpg,Si
6f0a12ce-754b-4553-a265-11391d515ec6,Variant,ML-MLA1364448783-178941557171,"Gorra Vento Lagomarsino Paño De Lana - Original - Negro / XXL","",59999,0,0,5,"Importado de Mercado Libre - MLA1364448783",http://http2.mlstatic.com/D_862688-MLA54779219875_032023-O.jpg,Si
051861e4-fc9a-4872-987c-275a3ffc7d7c,Variant,ML-MLA1364448783-178939790471,"Gorra Vento Lagomarsino Paño De Lana - Original - Marrón / S","",59999,0,1,5,"Importado de Mercado Libre - MLA1364448783",http://http2.mlstatic.com/D_862688-MLA54779219875_032023-O.jpg,Si
081a6947-69b2-4e8c-b43a-78414b5c34d4,Variant,ML-MLA1364448783-178939790473,"Gorra Vento Lagomarsino Paño De Lana - Original - Marrón / M","",59999,0,0,5,"Importado de Mercado Libre - MLA1364448783",http://http2.mlstatic.com/D_862688-MLA54779219875_032023-O.jpg,Si
76491de6-8fc6-4781-8e24-4aa65e8b49d6,Variant,ML-MLA1364448783-178939790475,"Gorra Vento Lagomarsino Paño De Lana - Original - Marrón / L","",59999,0,0,5,"Importado de Mercado Libre - MLA1364448783",http://http2.mlstatic.com/D_862688-MLA54779219875_032023-O.jpg,Si
052198d0-b9e6-41c8-af45-e2d22e6a9431,Variant,ML-MLA1364448783-178939790477,"Gorra Vento Lagomarsino Paño De Lana - Original - Marrón / XXL","",59999,0,1,5,"Importado de Mercado Libre - MLA1364448783",http://http2.mlstatic.com/D_862688-MLA54779219875_032023-O.jpg,Si
0a0f8295-10a5-4dfd-b34c-a600e4e21f04,Variant,ML-MLA1364448783-178978465679,"Gorra Vento Lagomarsino Paño De Lana - Original - Verde / S","",59999,0,1,5,"Importado de Mercado Libre - MLA1364448783",http://http2.mlstatic.com/D_862688-MLA54779219875_032023-O.jpg,Si
2d9f484b-c890-40b5-9c0e-bd5e41058a2b,Variant,ML-MLA1364448783-178978465681,"Gorra Vento Lagomarsino Paño De Lana - Original - Verde / M","",59999,0,1,5,"Importado de Mercado Libre - MLA1364448783",http://http2.mlstatic.com/D_862688-MLA54779219875_032023-O.jpg,Si
5556c677-4f2e-4b13-a2cd-ab65c625bbc3,Variant,ML-MLA1364448783-178978465683,"Gorra Vento Lagomarsino Paño De Lana - Original - Verde / L","",59999,0,0,5,"Importado de Mercado Libre - MLA1364448783",http://http2.mlstatic.com/D_862688-MLA54779219875_032023-O.jpg,Si
7772f3b2-bb76-4cbf-ac82-100ccbbb5346,Variant,ML-MLA1364448783-178978465685,"Gorra Vento Lagomarsino Paño De Lana - Original - Verde / XL","",59999,0,0,5,"Importado de Mercado Libre - MLA1364448783",http://http2.mlstatic.com/D_862688-MLA54779219875_032023-O.jpg,Si
3e46d7b3-f681-405b-be81-c9d38e250d91,Variant,ML-MLA1364448783-178978465687,"Gorra Vento Lagomarsino Paño De Lana - Original - Verde / XXL","",59999,0,2,5,"Importado de Mercado Libre - MLA1364448783",http://http2.mlstatic.com/D_862688-MLA54779219875_032023-O.jpg,Si
e4da2e75-a9f0-4e53-b671-cf7ecabda015,Variant,ML-MLA1238890029-175761226725,"Gorra Boina Lagomarsino Tela Camisera Algodon 100% - Celeste c/rayas / M","",43598.88,0,1,5,"Importado de Mercado Libre - MLA1238890029",http://http2.mlstatic.com/D_767052-MLA52405198492_112022-O.jpg,Si
1741003b-dc18-4c27-9dd5-48bfdff7dfda,Variant,ML-MLA1238890029-175761226723,"Gorra Boina Lagomarsino Tela Camisera Algodon 100% - Blanco / XL","",43598.88,0,0,5,"Importado de Mercado Libre - MLA1238890029",http://http2.mlstatic.com/D_767052-MLA52405198492_112022-O.jpg,Si
fd0b9900-0ee2-4919-91bb-ca2e849464e1,Variant,ML-MLA1238890029-175761226726,"Gorra Boina Lagomarsino Tela Camisera Algodon 100% - Azul cuadrille / M","",43598.88,0,0,5,"Importado de Mercado Libre - MLA1238890029",http://http2.mlstatic.com/D_767052-MLA52405198492_112022-O.jpg,Si
c94a476d-5fa6-4ff8-805a-fa6aae46dd32,Variant,ML-MLA1238890029-175761226727,"Gorra Boina Lagomarsino Tela Camisera Algodon 100% - Beige cuadrille / L","",43598.88,0,0,5,"Importado de Mercado Libre - MLA1238890029",http://http2.mlstatic.com/D_767052-MLA52405198492_112022-O.jpg,Si
6c0fdce0-cd1f-41fa-a320-107d321e310d,Variant,ML-MLA1238890029-179270407915,"Gorra Boina Lagomarsino Tela Camisera Algodon 100% - Azul cuadrille / L","",43598.88,0,0,5,"Importado de Mercado Libre - MLA1238890029",http://http2.mlstatic.com/D_767052-MLA52405198492_112022-O.jpg,Si
81c72971-af9c-4772-8a38-ddd1f9724a82,Variant,ML-MLA1238890029-179669433429,"Gorra Boina Lagomarsino Tela Camisera Algodon 100% - Blanco / M","",43598.88,0,0,5,"Importado de Mercado Libre - MLA1238890029",http://http2.mlstatic.com/D_767052-MLA52405198492_112022-O.jpg,Si
bca2fe10-a2f4-4e13-83f2-791d7e21603c,Variant,ML-MLA1238890029-179832095559,"Gorra Boina Lagomarsino Tela Camisera Algodon 100% - Celeste c/rayas / L","",43598.88,0,0,5,"Importado de Mercado Libre - MLA1238890029",http://http2.mlstatic.com/D_767052-MLA52405198492_112022-O.jpg,Si
4f7fe1eb-a649-49e7-8be1-016ef36cfa7f,Variant,ML-MLA1238890029-179831368625,"Gorra Boina Lagomarsino Tela Camisera Algodon 100% - Celeste c/rayas / XL","",43598.88,0,0,5,"Importado de Mercado Libre - MLA1238890029",http://http2.mlstatic.com/D_767052-MLA52405198492_112022-O.jpg,Si
bffdb730-9824-4f67-b4cd-aa8fba32ad27,Variant,ML-MLA1238890029-175761226724,"Gorra Boina Lagomarsino Tela Camisera Algodon 100% - Beige c/rayas / XL","",43598.88,0,0,5,"Importado de Mercado Libre - MLA1238890029",http://http2.mlstatic.com/D_767052-MLA52405198492_112022-O.jpg,Si
80fc4f55-2977-4d32-9b4c-6b4bd9e81f5d,Variant,ML-MLA1324515286-180680956269,"Gorra Boina Lagomarsino Vento Lino - Naranja / S","",32999,0,4,5,"Importado de Mercado Libre - MLA1324515286",http://http2.mlstatic.com/D_679363-MLA53497643778_012023-O.jpg,Si
b4dc4eb1-0141-47b4-9414-4a8134968112,Variant,ML-MLA1324515286-176426038361,"Gorra Boina Lagomarsino Vento Lino - Violeta / S","",32999,0,0,5,"Importado de Mercado Libre - MLA1324515286",http://http2.mlstatic.com/D_679363-MLA53497643778_012023-O.jpg,Si
6aacb029-79ef-4e66-aa36-0e70411f427d,Variant,ML-MLA1324515286-176426038363,"Gorra Boina Lagomarsino Vento Lino - Naranja / M","",32999,0,0,5,"Importado de Mercado Libre - MLA1324515286",http://http2.mlstatic.com/D_679363-MLA53497643778_012023-O.jpg,Si
883cd62a-7728-4940-875b-b2e638f42480,Variant,ML-MLA1324515286-176426038364,"Gorra Boina Lagomarsino Vento Lino - Naranja / L","",32999,0,0,5,"Importado de Mercado Libre - MLA1324515286",http://http2.mlstatic.com/D_679363-MLA53497643778_012023-O.jpg,Si
c2a5c12a-d531-420e-8cda-369b40976179,Variant,ML-MLA1324515286-176426038365,"Gorra Boina Lagomarsino Vento Lino - Naranja / XL","",32999,0,0,5,"Importado de Mercado Libre - MLA1324515286",http://http2.mlstatic.com/D_679363-MLA53497643778_012023-O.jpg,Si
8b3d30ba-fc3a-40e7-bd80-9b91f8ad3985,Variant,ML-MLA1324515286-176426038362,"Gorra Boina Lagomarsino Vento Lino - Violeta / XXL","",32999,0,0,5,"Importado de Mercado Libre - MLA1324515286",http://http2.mlstatic.com/D_679363-MLA53497643778_012023-O.jpg,Si
123ca858-275f-49c9-9214-ef4ca439d02a,Variant,ML-MLA1324515286-180680956271,"Gorra Boina Lagomarsino Vento Lino - Naranja / XXL","",32999,0,0,5,"Importado de Mercado Libre - MLA1324515286",http://http2.mlstatic.com/D_679363-MLA53497643778_012023-O.jpg,Si
88ff112d-1b4b-4d0b-9d78-56a2d080988b,Variant,ML-MLA1811516756-183181760299,"Sombrero Lagomarsino Pampa Fieltro Ala 8 - Marrón / M","",279999,0,2,5,"Importado de Mercado Libre - MLA1811516756",http://http2.mlstatic.com/D_784440-MLA88199385639_072025-O.jpg,Si
58b8888e-ab11-478d-bafd-73235acd1fd0,Variant,ML-MLA1811516756-183181760303,"Sombrero Lagomarsino Pampa Fieltro Ala 8 - Marrón / XL","",279999,0,4,5,"Importado de Mercado Libre - MLA1811516756",http://http2.mlstatic.com/D_784440-MLA88199385639_072025-O.jpg,Si
7b6e84c0-e181-43ba-b901-65499a4e4fcd,Variant,ML-MLA1811516756-183181760307,"Sombrero Lagomarsino Pampa Fieltro Ala 8 - Negro / M","",279999,0,0,5,"Importado de Mercado Libre - MLA1811516756",http://http2.mlstatic.com/D_784440-MLA88199385639_072025-O.jpg,Si
d4639ca1-2c8b-497f-976b-9ed29b6572f4,Variant,ML-MLA1811516756-183181760297,"Sombrero Lagomarsino Pampa Fieltro Ala 8 - Negro / S","",279999,0,0,5,"Importado de Mercado Libre - MLA1811516756",http://http2.mlstatic.com/D_784440-MLA88199385639_072025-O.jpg,Si
995cdd3c-b433-4910-ab64-9b46aeb3e1b7,Variant,ML-MLA1811516756-183181760309,"Sombrero Lagomarsino Pampa Fieltro Ala 8 - Negro / L","",279999,0,0,5,"Importado de Mercado Libre - MLA1811516756",http://http2.mlstatic.com/D_784440-MLA88199385639_072025-O.jpg,Si
4056572a-4adb-460f-9006-ca83c06bc3a0,Variant,ML-MLA1811516756-183181760301,"Sombrero Lagomarsino Pampa Fieltro Ala 8 - Marrón / L","",279999,0,0,5,"Importado de Mercado Libre - MLA1811516756",http://http2.mlstatic.com/D_784440-MLA88199385639_072025-O.jpg,Si
4c05f7f2-799f-4594-ad0d-ab0b648a1f89,Variant,ML-MLA1811516756-183181760295,"Sombrero Lagomarsino Pampa Fieltro Ala 8 - Marrón / S","",279999,0,0,5,"Importado de Mercado Libre - MLA1811516756",http://http2.mlstatic.com/D_784440-MLA88199385639_072025-O.jpg,Si
ccd16ae9-5eec-418d-88c4-a862a941972d,Variant,ML-MLA1811516756-183181760305,"Sombrero Lagomarsino Pampa Fieltro Ala 8 - Marrón / XXL","",279999,0,2,5,"Importado de Mercado Libre - MLA1811516756",http://http2.mlstatic.com/D_784440-MLA88199385639_072025-O.jpg,Si
2f6df989-7894-4e19-b359-f549313704b8,Variant,ML-MLA1811516756-183181760311,"Sombrero Lagomarsino Pampa Fieltro Ala 8 - Negro / XL","",279999,0,0,5,"Importado de Mercado Libre - MLA1811516756",http://http2.mlstatic.com/D_784440-MLA88199385639_072025-O.jpg,Si
ccd15830-1430-40a4-8510-c73fd90ef525,Variant,ML-MLA1811516756-183181760313,"Sombrero Lagomarsino Pampa Fieltro Ala 8 - Negro / XXL","",279999,0,0,5,"Importado de Mercado Libre - MLA1811516756",http://http2.mlstatic.com/D_784440-MLA88199385639_072025-O.jpg,Si
f4e3a8ef-bd56-4da1-b702-98dd83c7f376,Variant,ML-MLA1811516756-188827861125,"Sombrero Lagomarsino Pampa Fieltro Ala 8 - Negro / XS","",279999,0,0,5,"Importado de Mercado Libre - MLA1811516756",http://http2.mlstatic.com/D_784440-MLA88199385639_072025-O.jpg,Si
1c92d5d5-c803-4b42-bf6d-3b844fd85eb9,Variant,ML-MLA1811516756-188828173363,"Sombrero Lagomarsino Pampa Fieltro Ala 8 - Arena / S","",279999,0,0,5,"Importado de Mercado Libre - MLA1811516756",http://http2.mlstatic.com/D_784440-MLA88199385639_072025-O.jpg,Si
7d39ccf4-ea82-4332-b22c-b468c11f7069,Variant,ML-MLA1811516756-188828173365,"Sombrero Lagomarsino Pampa Fieltro Ala 8 - Arena / M","",279999,0,0,5,"Importado de Mercado Libre - MLA1811516756",http://http2.mlstatic.com/D_784440-MLA88199385639_072025-O.jpg,Si
e36248e5-5569-49fc-9e52-0b38535704b9,Variant,ML-MLA1811516756-188828173367,"Sombrero Lagomarsino Pampa Fieltro Ala 8 - Arena / L","",279999,0,1,5,"Importado de Mercado Libre - MLA1811516756",http://http2.mlstatic.com/D_784440-MLA88199385639_072025-O.jpg,Si
19c5273d-3572-47e7-be45-cb7b7c4a18ae,Variant,ML-MLA1811516756-188828173369,"Sombrero Lagomarsino Pampa Fieltro Ala 8 - Arena / XL","",279999,0,1,5,"Importado de Mercado Libre - MLA1811516756",http://http2.mlstatic.com/D_784440-MLA88199385639_072025-O.jpg,Si
ee1cf974-83ab-434a-b95a-1362b4afe097,Variant,ML-MLA1811516756-190045441573,"Sombrero Lagomarsino Pampa Fieltro Ala 8 - Marrón / XS","",279999,0,0,5,"Importado de Mercado Libre - MLA1811516756",http://http2.mlstatic.com/D_784440-MLA88199385639_072025-O.jpg,Si
4c9b59dd-8576-4d00-a50c-10c0b49b610b,Variant,ML-MLA1277670269-176070474155,"Sombrero Lagomarsino Panama Derecho 2 Bollos - Tostado / S","",299999,0,1,5,"Importado de Mercado Libre - MLA1277670269",http://http2.mlstatic.com/D_852992-MLA53385327146_012023-O.jpg,Si
851d8906-0d23-4833-838e-bae2b0ff251f,Variant,ML-MLA1277670269-176059348884,"Sombrero Lagomarsino Panama Derecho 2 Bollos - Tostado / XXL","",299999,0,0,5,"Importado de Mercado Libre - MLA1277670269",http://http2.mlstatic.com/D_852992-MLA53385327146_012023-O.jpg,Si
cf024430-5c77-4226-ac55-19d40e9c5f39,Variant,ML-MLA1277670269-179191586267,"Sombrero Lagomarsino Panama Derecho 2 Bollos - Tostado / XL","",299999,0,0,5,"Importado de Mercado Libre - MLA1277670269",http://http2.mlstatic.com/D_852992-MLA53385327146_012023-O.jpg,Si
dfd3df36-a7ef-4471-96b2-c38e942059e5,Variant,ML-MLA1600744118-181080273167,"Gorra Boina Lagomarsino Kent Vento Golf  + Caja Lagomarsino - Natural / S","",57998.88,0,1,5,"Importado de Mercado Libre - MLA1600744118",http://http2.mlstatic.com/D_864374-MLA73454837163_122023-O.jpg,Si
36dd8ffb-694c-40e2-a70f-e9b2e40c706b,Variant,ML-MLA1600744118-181080273165,"Gorra Boina Lagomarsino Kent Vento Golf  + Caja Lagomarsino - Tostado / M","",57998.88,0,0,5,"Importado de Mercado Libre - MLA1600744118",http://http2.mlstatic.com/D_864374-MLA73454837163_122023-O.jpg,Si
f00f1ef2-3762-44fe-b036-493566d414ee,Variant,ML-MLA1600744118-181080273169,"Gorra Boina Lagomarsino Kent Vento Golf  + Caja Lagomarsino - Tostado / L","",57998.88,0,0,5,"Importado de Mercado Libre - MLA1600744118",http://http2.mlstatic.com/D_864374-MLA73454837163_122023-O.jpg,Si
94960dc6-a19f-4339-a378-743f19bac465,Variant,ML-MLA1600744118-181080273171,"Gorra Boina Lagomarsino Kent Vento Golf  + Caja Lagomarsino - Tostado / XL","",57998.88,0,1,5,"Importado de Mercado Libre - MLA1600744118",http://http2.mlstatic.com/D_864374-MLA73454837163_122023-O.jpg,Si
c9fe94bd-0057-478c-9945-929fc317b6d4,Variant,ML-MLA1600744118-181080273173,"Gorra Boina Lagomarsino Kent Vento Golf  + Caja Lagomarsino - Natural / M","",57998.88,0,0,5,"Importado de Mercado Libre - MLA1600744118",http://http2.mlstatic.com/D_864374-MLA73454837163_122023-O.jpg,Si
0ea8e33a-e52d-41de-a714-9a27c39380b1,Variant,ML-MLA1600744118-181080273175,"Gorra Boina Lagomarsino Kent Vento Golf  + Caja Lagomarsino - Natural / L","",57998.88,0,0,5,"Importado de Mercado Libre - MLA1600744118",http://http2.mlstatic.com/D_864374-MLA73454837163_122023-O.jpg,Si
679f6788-917a-4d7e-acab-11d16d78b2ef,Variant,ML-MLA1600744118-181080273177,"Gorra Boina Lagomarsino Kent Vento Golf  + Caja Lagomarsino - Natural / XL","",57998.88,0,0,5,"Importado de Mercado Libre - MLA1600744118",http://http2.mlstatic.com/D_864374-MLA73454837163_122023-O.jpg,Si
7ba5a9d7-d53b-4284-b5c2-a510b7c8a408,Variant,ML-MLA1600744118-186539551691,"Gorra Boina Lagomarsino Kent Vento Golf  + Caja Lagomarsino - Natural / XXL","",57998.88,0,0,5,"Importado de Mercado Libre - MLA1600744118",http://http2.mlstatic.com/D_864374-MLA73454837163_122023-O.jpg,Si
5f9171e2-5aa7-42f3-93d4-b91dbe6e13c7,Variant,ML-MLA1600744118-186538967273,"Gorra Boina Lagomarsino Kent Vento Golf  + Caja Lagomarsino - Tostado / S","",57998.88,0,0,5,"Importado de Mercado Libre - MLA1600744118",http://http2.mlstatic.com/D_864374-MLA73454837163_122023-O.jpg,Si
634492a6-e701-4472-ad77-7606c27f1c54,Variant,ML-MLA1600744118-186538967275,"Gorra Boina Lagomarsino Kent Vento Golf  + Caja Lagomarsino - Tostado / XXL","",57998.88,0,0,5,"Importado de Mercado Libre - MLA1600744118",http://http2.mlstatic.com/D_864374-MLA73454837163_122023-O.jpg,Si
d161c784-4705-4d52-817e-5b1d85137f6f,Variant,ML-MLA1472101437-182782419510,"Gorra Boina Lagomarsino Kent Rafia Italia + Caja Lagomarsino - Tostado / M","",73999,0,3,5,"Importado de Mercado Libre - MLA1472101437",http://http2.mlstatic.com/D_841309-MLA81725278492_012025-O.jpg,Si
ea39bca4-a20d-4247-bc74-1ec24e8ace4e,Variant,ML-MLA1472101437-182782419512,"Gorra Boina Lagomarsino Kent Rafia Italia + Caja Lagomarsino - Tostado / L","",73999,0,3,5,"Importado de Mercado Libre - MLA1472101437",http://http2.mlstatic.com/D_841309-MLA81725278492_012025-O.jpg,Si
8f678f11-eb28-456b-a793-4566830e290d,Variant,ML-MLA1472101437-182782419514,"Gorra Boina Lagomarsino Kent Rafia Italia + Caja Lagomarsino - Tostado / XL","",73999,0,1,5,"Importado de Mercado Libre - MLA1472101437",http://http2.mlstatic.com/D_841309-MLA81725278492_012025-O.jpg,Si
d39d63c7-b656-466b-9f91-5a5fafd0de78,Variant,ML-MLA1472101437-182782419516,"Gorra Boina Lagomarsino Kent Rafia Italia + Caja Lagomarsino - Tostado / XXL","",73999,0,2,5,"Importado de Mercado Libre - MLA1472101437",http://http2.mlstatic.com/D_841309-MLA81725278492_012025-O.jpg,Si
b6139f8d-13aa-462d-a231-4db74516284e,Variant,ML-MLA1472101437-182782419508,"Gorra Boina Lagomarsino Kent Rafia Italia + Caja Lagomarsino - Tostado / S","",73999,0,1,5,"Importado de Mercado Libre - MLA1472101437",http://http2.mlstatic.com/D_841309-MLA81725278492_012025-O.jpg,Si
e1836889-2299-447d-b7a6-7c8e7008c149,Variant,ML-MLA1472101437-182782419520,"Gorra Boina Lagomarsino Kent Rafia Italia + Caja Lagomarsino - Natural / M","",73999,0,0,5,"Importado de Mercado Libre - MLA1472101437",http://http2.mlstatic.com/D_841309-MLA81725278492_012025-O.jpg,Si
a2e062b6-e373-4ae6-aa95-5334cd126976,Variant,ML-MLA1472101437-182782419522,"Gorra Boina Lagomarsino Kent Rafia Italia + Caja Lagomarsino - Natural / L","",73999,0,0,5,"Importado de Mercado Libre - MLA1472101437",http://http2.mlstatic.com/D_841309-MLA81725278492_012025-O.jpg,Si
77075e71-b381-49e4-bf49-ed43b971d782,Variant,ML-MLA1472101437-182782419526,"Gorra Boina Lagomarsino Kent Rafia Italia + Caja Lagomarsino - Natural / XXL","",73999,0,0,5,"Importado de Mercado Libre - MLA1472101437",http://http2.mlstatic.com/D_841309-MLA81725278492_012025-O.jpg,Si
2fcf9dc3-0aa3-4567-9a8e-2e418b8959a0,Variant,ML-MLA1472101437-182782419518,"Gorra Boina Lagomarsino Kent Rafia Italia + Caja Lagomarsino - Natural / S","",73999,0,1,5,"Importado de Mercado Libre - MLA1472101437",http://http2.mlstatic.com/D_841309-MLA81725278492_012025-O.jpg,Si
99d72b86-3bc0-49ea-b04a-c14db2edf6e1,Variant,ML-MLA1472101437-182782419524,"Gorra Boina Lagomarsino Kent Rafia Italia + Caja Lagomarsino - Natural / XL","",73999,0,0,5,"Importado de Mercado Libre - MLA1472101437",http://http2.mlstatic.com/D_841309-MLA81725278492_012025-O.jpg,Si
29e96086-c7d0-4b10-9d03-44e9a4133034,Variant,ML-MLA1388531001-178759490164,"Boina Gorra Vento Lagomarsino Flexible - Tostado / XXL","",61998.88,0,1,5,"Importado de Mercado Libre - MLA1388531001",http://http2.mlstatic.com/D_998848-MLA71713674346_092023-O.jpg,Si
01a06fdf-2088-4123-8d9c-1802f1466350,Variant,ML-MLA1388531001-178759490158,"Boina Gorra Vento Lagomarsino Flexible - Tostado / M","",61998.88,0,0,5,"Importado de Mercado Libre - MLA1388531001",http://http2.mlstatic.com/D_998848-MLA71713674346_092023-O.jpg,Si
1e327ee4-722a-4c9e-8704-6c518edb2af9,Variant,ML-MLA1388531001-178759490160,"Boina Gorra Vento Lagomarsino Flexible - Tostado / L","",61998.88,0,0,5,"Importado de Mercado Libre - MLA1388531001",http://http2.mlstatic.com/D_998848-MLA71713674346_092023-O.jpg,Si
4edc266b-6135-4270-b5e3-6ab0bb80c974,Variant,ML-MLA1388531001-178759490162,"Boina Gorra Vento Lagomarsino Flexible - Tostado / XL","",61998.88,0,0,5,"Importado de Mercado Libre - MLA1388531001",http://http2.mlstatic.com/D_998848-MLA71713674346_092023-O.jpg,Si
cd963ea3-2804-4d6a-90ed-1a968ed02b0b,Variant,ML-MLA1388531001-179930478859,"Boina Gorra Vento Lagomarsino Flexible - Natural / S","",61998.88,0,0,5,"Importado de Mercado Libre - MLA1388531001",http://http2.mlstatic.com/D_998848-MLA71713674346_092023-O.jpg,Si
8b37d7c5-0492-46b0-8780-8a96b24f8b03,Variant,ML-MLA1388531001-178759490156,"Boina Gorra Vento Lagomarsino Flexible - Tostado / S","",61998.88,0,0,5,"Importado de Mercado Libre - MLA1388531001",http://http2.mlstatic.com/D_998848-MLA71713674346_092023-O.jpg,Si
6b746de6-5398-4446-bdcf-da5544a53c9b,Variant,ML-MLA1388531001-179930478861,"Boina Gorra Vento Lagomarsino Flexible - Natural / M","",61998.88,0,0,5,"Importado de Mercado Libre - MLA1388531001",http://http2.mlstatic.com/D_998848-MLA71713674346_092023-O.jpg,Si
0093b75a-2e1e-4b4b-8895-6cc9003f494e,Variant,ML-MLA1388531001-179930478863,"Boina Gorra Vento Lagomarsino Flexible - Natural / L","",61998.88,0,0,5,"Importado de Mercado Libre - MLA1388531001",http://http2.mlstatic.com/D_998848-MLA71713674346_092023-O.jpg,Si
dc2243a1-ed43-4437-bd35-8be6085d59de,Variant,ML-MLA1388531001-179930478865,"Boina Gorra Vento Lagomarsino Flexible - Natural / XL","",61998.88,0,0,5,"Importado de Mercado Libre - MLA1388531001",http://http2.mlstatic.com/D_998848-MLA71713674346_092023-O.jpg,Si
793e2a25-8e32-47d0-b927-d3451e7ab39c,Variant,ML-MLA1388531001-179930478867,"Boina Gorra Vento Lagomarsino Flexible - Natural / XXL","",61998.88,0,2,5,"Importado de Mercado Libre - MLA1388531001",http://http2.mlstatic.com/D_998848-MLA71713674346_092023-O.jpg,Si
b39b4e05-8290-4ae4-9cce-955a5d211589,Variant,ML-MLA1393989829-180461294753,"Boina Gorra Lagomarsino Vento Ventilada Original - Tostado / XL","",56998,0,1,5,"Importado de Mercado Libre - MLA1393989829",http://http2.mlstatic.com/D_708378-MLA72578864679_102023-O.jpg,Si
97cac1f9-da15-4454-b055-192d9720c734,Variant,ML-MLA1393989829-180461294755,"Boina Gorra Lagomarsino Vento Ventilada Original - Tostado / Xxl","",56998,0,0,5,"Importado de Mercado Libre - MLA1393989829",http://http2.mlstatic.com/D_708378-MLA72578864679_102023-O.jpg,Si
93bb431e-82e4-4f8f-8aa6-e1eae9353aa6,Variant,ML-MLA1393989829-184955071283,"Boina Gorra Lagomarsino Vento Ventilada Original - Tostado / S","",56998,0,0,5,"Importado de Mercado Libre - MLA1393989829",http://http2.mlstatic.com/D_708378-MLA72578864679_102023-O.jpg,Si
59e69d67-246a-4c38-8ec4-84c46caa1794,Variant,ML-MLA1393989829-180461294757,"Boina Gorra Lagomarsino Vento Ventilada Original - Natural / S","",56998,0,0,5,"Importado de Mercado Libre - MLA1393989829",http://http2.mlstatic.com/D_708378-MLA72578864679_102023-O.jpg,Si
70c6abdb-9e56-4536-8af2-0954f98d3cb2,Variant,ML-MLA1393989829-180461294751,"Boina Gorra Lagomarsino Vento Ventilada Original - Tostado / L","",56998,0,0,5,"Importado de Mercado Libre - MLA1393989829",http://http2.mlstatic.com/D_708378-MLA72578864679_102023-O.jpg,Si
04ac1c40-0dd4-4769-969c-4e8aac01c672,Variant,ML-MLA1393989829-180461294749,"Boina Gorra Lagomarsino Vento Ventilada Original - Tostado / M","",56998,0,0,5,"Importado de Mercado Libre - MLA1393989829",http://http2.mlstatic.com/D_708378-MLA72578864679_102023-O.jpg,Si
53399faa-76c1-461f-b7af-e2f142487450,Variant,ML-MLA1393989829-180461294759,"Boina Gorra Lagomarsino Vento Ventilada Original - Natural / M","",56998,0,0,5,"Importado de Mercado Libre - MLA1393989829",http://http2.mlstatic.com/D_708378-MLA72578864679_102023-O.jpg,Si
c994be94-16a8-4368-bd58-d1c89624f568,Variant,ML-MLA1393989829-180461294761,"Boina Gorra Lagomarsino Vento Ventilada Original - Natural / L","",56998,0,0,5,"Importado de Mercado Libre - MLA1393989829",http://http2.mlstatic.com/D_708378-MLA72578864679_102023-O.jpg,Si
5c9bc9ef-2c8d-4748-af45-a8dd1529c4a8,Variant,ML-MLA1393989829-180461294763,"Boina Gorra Lagomarsino Vento Ventilada Original - Natural / XL","",56998,0,0,5,"Importado de Mercado Libre - MLA1393989829",http://http2.mlstatic.com/D_708378-MLA72578864679_102023-O.jpg,Si
bb12eca4-e3fd-40a4-97e2-4954296a6278,Variant,ML-MLA1393989829-180461294765,"Boina Gorra Lagomarsino Vento Ventilada Original - Natural / Xxl","",56998,0,0,5,"Importado de Mercado Libre - MLA1393989829",http://http2.mlstatic.com/D_708378-MLA72578864679_102023-O.jpg,Si
faf52557-ed98-416f-8492-9dbac2b5f26e,Variant,ML-MLA1277656631-176069477093,"Sombrero Lagomarsino, Pampa Panama Ala 8 - Tostado / L","",349999,0,2,5,"Importado de Mercado Libre - MLA1277656631",http://http2.mlstatic.com/D_625375-MLA53264887222_012023-O.jpg,Si
bdda6de7-f310-4fab-b914-700efd65fa1a,Variant,ML-MLA1277656631-192170229125,"Sombrero Lagomarsino, Pampa Panama Ala 8 - Natural / S","",349999,0,2,5,"Importado de Mercado Libre - MLA1277656631",http://http2.mlstatic.com/D_625375-MLA53264887222_012023-O.jpg,Si
d3d8e0c5-7943-4ded-b42e-e7b110c79fba,Variant,ML-MLA1277656631-176341198693,"Sombrero Lagomarsino, Pampa Panama Ala 8 - Natural / XS","",349999,0,0,5,"Importado de Mercado Libre - MLA1277656631",http://http2.mlstatic.com/D_625375-MLA53264887222_012023-O.jpg,Si
3e244342-6b4d-49f1-a4d6-9423591c1db9,Variant,ML-MLA1277656631-192170229127,"Sombrero Lagomarsino, Pampa Panama Ala 8 - Natural / M","",349999,0,2,5,"Importado de Mercado Libre - MLA1277656631",http://http2.mlstatic.com/D_625375-MLA53264887222_012023-O.jpg,Si
3f63829c-16b8-497a-9ef9-ee3720e5e25d,Variant,ML-MLA1277656631-192170229131,"Sombrero Lagomarsino, Pampa Panama Ala 8 - Natural / XL","",349999,0,2,5,"Importado de Mercado Libre - MLA1277656631",http://http2.mlstatic.com/D_625375-MLA53264887222_012023-O.jpg,Si
0dc7c101-9f72-487e-9d97-ebe594f11b61,Variant,ML-MLA1277656631-192170229133,"Sombrero Lagomarsino, Pampa Panama Ala 8 - Natural / XXL","",349999,0,1,5,"Importado de Mercado Libre - MLA1277656631",http://http2.mlstatic.com/D_625375-MLA53264887222_012023-O.jpg,Si
ff701006-7d4b-444a-89c4-2ba270bd905f,Variant,ML-MLA1277656631-192170229135,"Sombrero Lagomarsino, Pampa Panama Ala 8 - Tostado / S","",349999,0,3,5,"Importado de Mercado Libre - MLA1277656631",http://http2.mlstatic.com/D_625375-MLA53264887222_012023-O.jpg,Si
e144c599-29af-404e-a846-2fad6fe4935d,Variant,ML-MLA1277656631-192170229137,"Sombrero Lagomarsino, Pampa Panama Ala 8 - Tostado / M","",349999,0,0,5,"Importado de Mercado Libre - MLA1277656631",http://http2.mlstatic.com/D_625375-MLA53264887222_012023-O.jpg,Si
956504ec-c4fb-4fa0-9a7a-454a0a9917e0,Variant,ML-MLA1277656631-192170229141,"Sombrero Lagomarsino, Pampa Panama Ala 8 - Tostado / XXL","",349999,0,3,5,"Importado de Mercado Libre - MLA1277656631",http://http2.mlstatic.com/D_625375-MLA53264887222_012023-O.jpg,Si
dc6b8133-bfa3-4668-ae83-7024c11ad5f9,Variant,ML-MLA1277656631-192170229139,"Sombrero Lagomarsino, Pampa Panama Ala 8 - Tostado / XL","",349999,0,2,5,"Importado de Mercado Libre - MLA1277656631",http://http2.mlstatic.com/D_625375-MLA53264887222_012023-O.jpg,Si
9055263d-bfe0-4e3c-9bcd-6e42de3302cf,Variant,ML-MLA1277656631-192170229129,"Sombrero Lagomarsino, Pampa Panama Ala 8 - Natural / L","",349999,0,2,5,"Importado de Mercado Libre - MLA1277656631",http://http2.mlstatic.com/D_625375-MLA53264887222_012023-O.jpg,Si
971fa197-9025-4ff7-8a1b-c6e10a57c629,Variant,ML-MLA1217029620-175620149848,"Sombrero Panama Lagomarsino Ha Laguito Ala 10cm - Natural / 58","",389999,0,1,5,"Importado de Mercado Libre - MLA1217029620",http://http2.mlstatic.com/D_752150-MLA52405017505_112022-O.jpg,Si
a7bf6a21-deb6-473c-bc4b-94dae551264a,Variant,ML-MLA1217029620-175620149847,"Sombrero Panama Lagomarsino Ha Laguito Ala 10cm - Natural / 57","",389999,0,0,5,"Importado de Mercado Libre - MLA1217029620",http://http2.mlstatic.com/D_752150-MLA52405017505_112022-O.jpg,Si
b2eed5c3-1023-46fa-b739-8e1c9b677e53,Variant,ML-MLA1369050150-177014066926,"Sombrero Lagomarsino Jack Silvestre - Rafia - Natural / XL","",129999,0,1,5,"Importado de Mercado Libre - MLA1369050150",http://http2.mlstatic.com/D_817589-MLA54309405840_032023-O.jpg,Si
e7e8e44c-4e0e-486b-bad1-6e630032383c,Variant,ML-MLA1369050150-177014066924,"Sombrero Lagomarsino Jack Silvestre - Rafia - Natural / L","",129999,0,0,5,"Importado de Mercado Libre - MLA1369050150",http://http2.mlstatic.com/D_817589-MLA54309405840_032023-O.jpg,Si
69364a5a-129a-4dd3-9c55-1f013ef7b973,Variant,ML-MLA1369050150-177014066922,"Sombrero Lagomarsino Jack Silvestre - Rafia - Natural / M","",129999,0,0,5,"Importado de Mercado Libre - MLA1369050150",http://http2.mlstatic.com/D_817589-MLA54309405840_032023-O.jpg,Si
6eaa8fb6-3441-4415-864e-86da4cb79bf2,Variant,ML-MLA1369050150-177014066928,"Sombrero Lagomarsino Jack Silvestre - Rafia - Natural / XXL","",129999,0,0,5,"Importado de Mercado Libre - MLA1369050150",http://http2.mlstatic.com/D_817589-MLA54309405840_032023-O.jpg,Si
f90236f0-9486-4a71-bada-891716e573c8,Variant,ML-MLA1369050150-186435437573,"Sombrero Lagomarsino Jack Silvestre - Rafia - Natural / S","",129999,0,0,5,"Importado de Mercado Libre - MLA1369050150",http://http2.mlstatic.com/D_817589-MLA54309405840_032023-O.jpg,Si
6562c6b0-1d65-4f4f-9100-c81c36848da0,Variant,ML-MLA1567122136-179242388748,"Sombrero Lagomarsino Rafia Italiana Modelo Fortaleza - Natural / S","",87999,0,1,5,"Importado de Mercado Libre - MLA1567122136",http://http2.mlstatic.com/D_820219-MLA81819421470_012025-O.jpg,Si
dad71764-822f-4aaf-9676-14e92831ec59,Variant,ML-MLA1567122136-179242388736,"Sombrero Lagomarsino Rafia Italiana Modelo Fortaleza - Natural / L","",87999,0,2,5,"Importado de Mercado Libre - MLA1567122136",http://http2.mlstatic.com/D_820219-MLA81819421470_012025-O.jpg,Si
7bdc92fb-c451-43e0-9040-a1889a70ccbd,Variant,ML-MLA1567122136-179242388738,"Sombrero Lagomarsino Rafia Italiana Modelo Fortaleza - Tostado / L","",87999,0,4,5,"Importado de Mercado Libre - MLA1567122136",http://http2.mlstatic.com/D_820219-MLA81819421470_012025-O.jpg,Si
0caec582-d7bd-4849-8821-42c8b5202c06,Variant,ML-MLA1567122136-179242388740,"Sombrero Lagomarsino Rafia Italiana Modelo Fortaleza - Tostado / XL","",87999,0,5,5,"Importado de Mercado Libre - MLA1567122136",http://http2.mlstatic.com/D_820219-MLA81819421470_012025-O.jpg,Si
07877eeb-80cc-4c36-8496-ba5e8a31e0f1,Variant,ML-MLA1567122136-179242388742,"Sombrero Lagomarsino Rafia Italiana Modelo Fortaleza - Tostado / S","",87999,0,7,5,"Importado de Mercado Libre - MLA1567122136",http://http2.mlstatic.com/D_820219-MLA81819421470_012025-O.jpg,Si
bf7b9737-cd3e-4567-be31-7d0efc984352,Variant,ML-MLA1567122136-179242388744,"Sombrero Lagomarsino Rafia Italiana Modelo Fortaleza - Tostado / M","",87999,0,4,5,"Importado de Mercado Libre - MLA1567122136",http://http2.mlstatic.com/D_820219-MLA81819421470_012025-O.jpg,Si
5a994000-1095-4760-9305-46087e5c1326,Variant,ML-MLA1567122136-179242388746,"Sombrero Lagomarsino Rafia Italiana Modelo Fortaleza - Tostado / XXL","",87999,0,2,5,"Importado de Mercado Libre - MLA1567122136",http://http2.mlstatic.com/D_820219-MLA81819421470_012025-O.jpg,Si
f32ba948-3d2b-499b-b44b-56fd18552285,Variant,ML-MLA1567122136-179242388750,"Sombrero Lagomarsino Rafia Italiana Modelo Fortaleza - Natural / M","",87999,0,2,5,"Importado de Mercado Libre - MLA1567122136",http://http2.mlstatic.com/D_820219-MLA81819421470_012025-O.jpg,Si
c2d43afd-06b4-482c-b412-878ab1a51398,Variant,ML-MLA1567122136-179242388752,"Sombrero Lagomarsino Rafia Italiana Modelo Fortaleza - Natural / XL","",87999,0,2,5,"Importado de Mercado Libre - MLA1567122136",http://http2.mlstatic.com/D_820219-MLA81819421470_012025-O.jpg,Si
ad783956-d2f2-4188-be33-8e5ba6ed82f0,Variant,ML-MLA1567122136-180680488777,"Sombrero Lagomarsino Rafia Italiana Modelo Fortaleza - Natural / XXL","",87999,0,1,5,"Importado de Mercado Libre - MLA1567122136",http://http2.mlstatic.com/D_820219-MLA81819421470_012025-O.jpg,Si
bff9da88-e0dc-48d7-85fe-018b6ebe07f6,Variant,ML-MLA1567122136-186797760835,"Sombrero Lagomarsino Rafia Italiana Modelo Fortaleza - Natural / XS","",87999,0,1,5,"Importado de Mercado Libre - MLA1567122136",http://http2.mlstatic.com/D_820219-MLA81819421470_012025-O.jpg,Si
39a0b6fd-f9b4-47ef-8f66-4dc9d6bee0e1,Variant,ML-MLA1567122136-186798122951,"Sombrero Lagomarsino Rafia Italiana Modelo Fortaleza - Tostado / XS","",87999,0,1,5,"Importado de Mercado Libre - MLA1567122136",http://http2.mlstatic.com/D_820219-MLA81819421470_012025-O.jpg,Si
047eeb62-4957-4e21-9238-e1b07cf22f4d,Variant,ML-MLA1374794360-177111482236,"Sombrero Lagomarsino Rafia Italiana Modelo Bahia - Natural / M","",87999,0,2,5,"Importado de Mercado Libre - MLA1374794360",http://http2.mlstatic.com/D_756485-MLA72744792032_112023-O.jpg,Si
b72bd0b5-1fd7-4a53-86aa-127ec1a7981c,Variant,ML-MLA1374794360-177111482234,"Sombrero Lagomarsino Rafia Italiana Modelo Bahia - Natural / S","",87999,0,2,5,"Importado de Mercado Libre - MLA1374794360",http://http2.mlstatic.com/D_756485-MLA72744792032_112023-O.jpg,Si
853b176c-7220-4f32-9910-f6d0ab785060,Variant,ML-MLA1374794360-177111482226,"Sombrero Lagomarsino Rafia Italiana Modelo Bahia - Tostado / M","",87999,0,2,5,"Importado de Mercado Libre - MLA1374794360",http://http2.mlstatic.com/D_756485-MLA72744792032_112023-O.jpg,Si
bbede07f-34e6-4e79-9a90-ab1ebdc0f038,Variant,ML-MLA1374794360-177111482224,"Sombrero Lagomarsino Rafia Italiana Modelo Bahia - Tostado / S","",87999,0,1,5,"Importado de Mercado Libre - MLA1374794360",http://http2.mlstatic.com/D_756485-MLA72744792032_112023-O.jpg,Si
7e6efe4d-bcf2-4f88-8d28-b5d17eb21d99,Variant,ML-MLA1374794360-177111482230,"Sombrero Lagomarsino Rafia Italiana Modelo Bahia - Tostado / XL","",87999,0,2,5,"Importado de Mercado Libre - MLA1374794360",http://http2.mlstatic.com/D_756485-MLA72744792032_112023-O.jpg,Si
ba14bebb-0421-4ad1-bf8c-47e3da44f8ab,Variant,ML-MLA1374794360-177111482232,"Sombrero Lagomarsino Rafia Italiana Modelo Bahia - Tostado / XXL","",87999,0,0,5,"Importado de Mercado Libre - MLA1374794360",http://http2.mlstatic.com/D_756485-MLA72744792032_112023-O.jpg,Si
682c46cb-6161-4b8c-8f6b-cf4346cf6f9a,Variant,ML-MLA1374794360-177111482238,"Sombrero Lagomarsino Rafia Italiana Modelo Bahia - Natural / L","",87999,0,3,5,"Importado de Mercado Libre - MLA1374794360",http://http2.mlstatic.com/D_756485-MLA72744792032_112023-O.jpg,Si
ac399174-2a04-496d-8052-f74241386d74,Variant,ML-MLA1374794360-177111482240,"Sombrero Lagomarsino Rafia Italiana Modelo Bahia - Natural / XL","",87999,0,2,5,"Importado de Mercado Libre - MLA1374794360",http://http2.mlstatic.com/D_756485-MLA72744792032_112023-O.jpg,Si
36839905-bdb3-4b82-839a-a2c07b9e32b3,Variant,ML-MLA1374794360-185958441671,"Sombrero Lagomarsino Rafia Italiana Modelo Bahia - Natural / XS","",87999,0,1,5,"Importado de Mercado Libre - MLA1374794360",http://http2.mlstatic.com/D_756485-MLA72744792032_112023-O.jpg,Si
8a6a1af2-0f01-497c-bb4a-1494d92dc71d,Variant,ML-MLA1374794360-186798084939,"Sombrero Lagomarsino Rafia Italiana Modelo Bahia - Tostado / XS","",87999,0,1,5,"Importado de Mercado Libre - MLA1374794360",http://http2.mlstatic.com/D_756485-MLA72744792032_112023-O.jpg,Si
20e2904a-63cf-40ae-9b6c-e699690161d1,Variant,ML-MLA1374794360-192573746367,"Sombrero Lagomarsino Rafia Italiana Modelo Bahia - Natural / XXL","",87999,0,1,5,"Importado de Mercado Libre - MLA1374794360",http://http2.mlstatic.com/D_756485-MLA72744792032_112023-O.jpg,Si
fd44995b-e3b0-4491-9303-d198dfad73d6,Variant,ML-MLA1374794360-177111482228,"Sombrero Lagomarsino Rafia Italiana Modelo Bahia - Tostado / L","",87999,0,3,5,"Importado de Mercado Libre - MLA1374794360",http://http2.mlstatic.com/D_756485-MLA72744792032_112023-O.jpg,Si
64a84c36-2ee9-4557-abf9-1c4a2ca868c5,Variant,ML-MLA1388470551-180637669839,"Sombrero Pampa Lagomarsino Algodón Ventilado Ala 10 - Natural / S","",82299,0,1,5,"Importado de Mercado Libre - MLA1388470551",http://http2.mlstatic.com/D_872180-MLA73043314485_112023-O.jpg,Si
9005f892-ac46-4383-b1c7-c5e2bc883922,Variant,ML-MLA1388470551-179922639047,"Sombrero Pampa Lagomarsino Algodón Ventilado Ala 10 - Tostado / XL","",82299,0,3,5,"Importado de Mercado Libre - MLA1388470551",http://http2.mlstatic.com/D_872180-MLA73043314485_112023-O.jpg,Si
2781fc69-662c-4635-9026-1a4ae1dfef5b,Variant,ML-MLA1388470551-179922639045,"Sombrero Pampa Lagomarsino Algodón Ventilado Ala 10 - Tostado / L","",82299,0,1,5,"Importado de Mercado Libre - MLA1388470551",http://http2.mlstatic.com/D_872180-MLA73043314485_112023-O.jpg,Si
e34ef0f8-89e0-4f00-97f1-8d057bcc01e0,Variant,ML-MLA1388470551-179922639043,"Sombrero Pampa Lagomarsino Algodón Ventilado Ala 10 - Tostado / M","",82299,0,2,5,"Importado de Mercado Libre - MLA1388470551",http://http2.mlstatic.com/D_872180-MLA73043314485_112023-O.jpg,Si
87e4f0de-ed5c-4db3-be34-990622cae149,Variant,ML-MLA1388470551-179922639041,"Sombrero Pampa Lagomarsino Algodón Ventilado Ala 10 - Tostado / S","",82299,0,3,5,"Importado de Mercado Libre - MLA1388470551",http://http2.mlstatic.com/D_872180-MLA73043314485_112023-O.jpg,Si
ac9b00a4-6b46-4601-9fe8-023004aae0b9,Variant,ML-MLA1388470551-179922639049,"Sombrero Pampa Lagomarsino Algodón Ventilado Ala 10 - Tostado / XXL","",82299,0,0,5,"Importado de Mercado Libre - MLA1388470551",http://http2.mlstatic.com/D_872180-MLA73043314485_112023-O.jpg,Si
47d02d27-8f03-40f9-86f2-ac05f6b40ae8,Variant,ML-MLA1388470551-180639513031,"Sombrero Pampa Lagomarsino Algodón Ventilado Ala 10 - Natural / L","",82299,0,0,5,"Importado de Mercado Libre - MLA1388470551",http://http2.mlstatic.com/D_872180-MLA73043314485_112023-O.jpg,Si
bc8631e0-ce8a-4854-afe7-68feb49df556,Variant,ML-MLA1388470551-180639513033,"Sombrero Pampa Lagomarsino Algodón Ventilado Ala 10 - Natural / M","",82299,0,1,5,"Importado de Mercado Libre - MLA1388470551",http://http2.mlstatic.com/D_872180-MLA73043314485_112023-O.jpg,Si
eb5b6225-37e9-448f-a57a-60463ece4bb0,Variant,ML-MLA1388470551-180639513035,"Sombrero Pampa Lagomarsino Algodón Ventilado Ala 10 - Natural / XL","",82299,0,1,5,"Importado de Mercado Libre - MLA1388470551",http://http2.mlstatic.com/D_872180-MLA73043314485_112023-O.jpg,Si
5fa76c99-e3b9-49d2-baf4-bd4f99661256,Variant,ML-MLA1388470551-180639513037,"Sombrero Pampa Lagomarsino Algodón Ventilado Ala 10 - Natural / XXL","",82299,0,1,5,"Importado de Mercado Libre - MLA1388470551",http://http2.mlstatic.com/D_872180-MLA73043314485_112023-O.jpg,Si
371e3793-4775-419b-9188-7ed9053ccd68,Variant,ML-MLA1388470551-185345317505,"Sombrero Pampa Lagomarsino Algodón Ventilado Ala 10 - Tostado / XS","",82299,0,1,5,"Importado de Mercado Libre - MLA1388470551",http://http2.mlstatic.com/D_872180-MLA73043314485_112023-O.jpg,Si
485e4f0e-2449-43dc-b7c8-01735a0375fe,Variant,ML-MLA1388470551-185966119507,"Sombrero Pampa Lagomarsino Algodón Ventilado Ala 10 - Natural / XS","",82299,0,1,5,"Importado de Mercado Libre - MLA1388470551",http://http2.mlstatic.com/D_872180-MLA73043314485_112023-O.jpg,Si
476bf0c4-34c8-4821-9495-ecf07d2dca91,Variant,ML-MLA1384981747-184955772909,"Sombrero Pampa Lagomarsino Algodón Ventilado Ala 8 - Natural / XS","",74999,0,1,5,"Importado de Mercado Libre - MLA1384981747",http://http2.mlstatic.com/D_926684-MLA77469510793_072024-O.jpg,Si
97df6821-6a29-44bc-b0c8-ea3758bc66c2,Variant,ML-MLA1384981747-178585630240,"Sombrero Pampa Lagomarsino Algodón Ventilado Ala 8 - Tostado / XXL","",74999,0,2,5,"Importado de Mercado Libre - MLA1384981747",http://http2.mlstatic.com/D_926684-MLA77469510793_072024-O.jpg,Si
23942c07-5c61-43db-989e-a4e4a0f12989,Variant,ML-MLA1384981747-178585630236,"Sombrero Pampa Lagomarsino Algodón Ventilado Ala 8 - Tostado / L","",74999,0,6,5,"Importado de Mercado Libre - MLA1384981747",http://http2.mlstatic.com/D_926684-MLA77469510793_072024-O.jpg,Si
cda7f3a2-de67-4102-8e36-0f43be05bb15,Variant,ML-MLA1384981747-178585630238,"Sombrero Pampa Lagomarsino Algodón Ventilado Ala 8 - Tostado / XL","",74999,0,1,5,"Importado de Mercado Libre - MLA1384981747",http://http2.mlstatic.com/D_926684-MLA77469510793_072024-O.jpg,Si
b80e21fc-872c-4369-b280-b5b7bfd2e2e0,Variant,ML-MLA1384981747-180444178635,"Sombrero Pampa Lagomarsino Algodón Ventilado Ala 8 - Natural / XXL","",74999,0,1,5,"Importado de Mercado Libre - MLA1384981747",http://http2.mlstatic.com/D_926684-MLA77469510793_072024-O.jpg,Si
d58e49e0-9737-4d89-a921-cc8c1d505231,Variant,ML-MLA1384981747-180610060043,"Sombrero Pampa Lagomarsino Algodón Ventilado Ala 8 - Natural / L","",74999,0,0,5,"Importado de Mercado Libre - MLA1384981747",http://http2.mlstatic.com/D_926684-MLA77469510793_072024-O.jpg,Si
f0477e6c-f9e2-4ff9-a931-aedb084a02e0,Variant,ML-MLA1384981747-180444178633,"Sombrero Pampa Lagomarsino Algodón Ventilado Ala 8 - Natural / XL","",74999,0,2,5,"Importado de Mercado Libre - MLA1384981747",http://http2.mlstatic.com/D_926684-MLA77469510793_072024-O.jpg,Si
bbe495aa-ba99-47e0-9b8a-2972202e12f5,Variant,ML-MLA1384981747-178585630234,"Sombrero Pampa Lagomarsino Algodón Ventilado Ala 8 - Tostado / M","",74999,0,3,5,"Importado de Mercado Libre - MLA1384981747",http://http2.mlstatic.com/D_926684-MLA77469510793_072024-O.jpg,Si
76ce2bcc-d62a-4b0a-a467-33191b3b0adb,Variant,ML-MLA1384981747-178585630232,"Sombrero Pampa Lagomarsino Algodón Ventilado Ala 8 - Tostado / S","",74999,0,1,5,"Importado de Mercado Libre - MLA1384981747",http://http2.mlstatic.com/D_926684-MLA77469510793_072024-O.jpg,Si
02308705-1bae-40f0-8a7f-a7887ca9918d,Variant,ML-MLA1384981747-180444178631,"Sombrero Pampa Lagomarsino Algodón Ventilado Ala 8 - Natural / M","",74999,0,1,5,"Importado de Mercado Libre - MLA1384981747",http://http2.mlstatic.com/D_926684-MLA77469510793_072024-O.jpg,Si
f9de59a6-cece-445d-ac82-1cbebe5ed0d7,Variant,ML-MLA1384981747-180610060045,"Sombrero Pampa Lagomarsino Algodón Ventilado Ala 8 - Natural / S","",74999,0,0,5,"Importado de Mercado Libre - MLA1384981747",http://http2.mlstatic.com/D_926684-MLA77469510793_072024-O.jpg,Si
bc24a5b3-eb70-45eb-88ef-2ff9dfb7fe8c,Variant,ML-MLA1384981747-184955889311,"Sombrero Pampa Lagomarsino Algodón Ventilado Ala 8 - Tostado / XS","",74999,0,0,5,"Importado de Mercado Libre - MLA1384981747",http://http2.mlstatic.com/D_926684-MLA77469510793_072024-O.jpg,Si
d8fae78d-1d5f-474f-b583-dbecbf5d5580,Variant,ML-MLA1373539253-178661459445,"Sombrero Australiano Cuero Nobuk - Arena / L","",127999,0,6,5,"Importado de Mercado Libre - MLA1373539253",http://http2.mlstatic.com/D_850975-MLA69962167710_062023-O.jpg,Si
928af2b0-7714-458f-b690-43746f423688,Variant,ML-MLA1373539253-178661459443,"Sombrero Australiano Cuero Nobuk - Arena / XL","",127999,0,4,5,"Importado de Mercado Libre - MLA1373539253",http://http2.mlstatic.com/D_850975-MLA69962167710_062023-O.jpg,Si
391ad997-1c8f-4e18-a313-cfbea395fda8,Variant,ML-MLA1373539253-178661459447,"Sombrero Australiano Cuero Nobuk - Arena / M","",127999,0,2,5,"Importado de Mercado Libre - MLA1373539253",http://http2.mlstatic.com/D_850975-MLA69962167710_062023-O.jpg,Si
54422055-ec4f-4105-8732-0ec06121d379,Variant,ML-MLA1373539253-178661459449,"Sombrero Australiano Cuero Nobuk - Arena / S","",127999,0,0,5,"Importado de Mercado Libre - MLA1373539253",http://http2.mlstatic.com/D_850975-MLA69962167710_062023-O.jpg,Si
fa3984f1-9a22-48c5-b562-34e60a6b076e,Variant,ML-MLA1373539253-178661459441,"Sombrero Australiano Cuero Nobuk - Arena / XXL","",127999,0,0,5,"Importado de Mercado Libre - MLA1373539253",http://http2.mlstatic.com/D_850975-MLA69962167710_062023-O.jpg,Si
e12e9f16-e005-460b-a0b5-7784a27ecc4c,Variant,ML-MLA1214355886-175599390559,"Sombrero Australiano Cuero Engrasado - Marrón / S","",155678.88,0,5,5,"Importado de Mercado Libre - MLA1214355886",http://http2.mlstatic.com/D_992929-MLA52148486501_102022-O.jpg,Si
1dc5f52c-acc5-4fea-8341-cb9408956a9b,Variant,ML-MLA1214355886-175599390560,"Sombrero Australiano Cuero Engrasado - Marrón / M","",155678.88,0,0,5,"Importado de Mercado Libre - MLA1214355886",http://http2.mlstatic.com/D_992929-MLA52148486501_102022-O.jpg,Si
73d9e6d9-93d1-4cd5-acff-3cdd8def3c96,Variant,ML-MLA1214355886-175599390561,"Sombrero Australiano Cuero Engrasado - Marrón / L","",155678.88,0,0,5,"Importado de Mercado Libre - MLA1214355886",http://http2.mlstatic.com/D_992929-MLA52148486501_102022-O.jpg,Si
e6555bb9-f2fe-4db4-b448-a12a3e489d71,Variant,ML-MLA1214355886-175599390562,"Sombrero Australiano Cuero Engrasado - Marrón / XL","",155678.88,0,0,5,"Importado de Mercado Libre - MLA1214355886",http://http2.mlstatic.com/D_992929-MLA52148486501_102022-O.jpg,Si
6c4ef994-c665-4350-bd81-17064694d429,Variant,ML-MLA1214355886-178601307729,"Sombrero Australiano Cuero Engrasado - Marrón / XXL","",155678.88,0,0,5,"Importado de Mercado Libre - MLA1214355886",http://http2.mlstatic.com/D_992929-MLA52148486501_102022-O.jpg,Si
831d028b-e89d-4698-9311-2f73d8ab3b7e,Variant,ML-MLA1214355886-178660575731,"Sombrero Australiano Cuero Engrasado - Marrón claro / M","",155678.88,0,1,5,"Importado de Mercado Libre - MLA1214355886",http://http2.mlstatic.com/D_992929-MLA52148486501_102022-O.jpg,Si
7a34a3f1-8af0-4b79-814d-3cc52d4e42a1,Variant,ML-MLA1214355886-178660575733,"Sombrero Australiano Cuero Engrasado - Marrón claro / L","",155678.88,0,0,5,"Importado de Mercado Libre - MLA1214355886",http://http2.mlstatic.com/D_992929-MLA52148486501_102022-O.jpg,Si
9f38337f-01fd-4807-a4e5-136eaf43d5c8,Variant,ML-MLA1214355886-178660575735,"Sombrero Australiano Cuero Engrasado - Marrón claro / XL","",155678.88,0,0,5,"Importado de Mercado Libre - MLA1214355886",http://http2.mlstatic.com/D_992929-MLA52148486501_102022-O.jpg,Si
ed90f9a4-69d4-4076-9cc4-88af8705e3c7,Variant,ML-MLA1214355886-178660575737,"Sombrero Australiano Cuero Engrasado - Marrón claro / XXL","",155678.88,0,0,5,"Importado de Mercado Libre - MLA1214355886",http://http2.mlstatic.com/D_992929-MLA52148486501_102022-O.jpg,Si
308a4dcc-7246-4891-bde1-6c365f4f2310,Variant,ML-MLA1214355886-178660575729,"Sombrero Australiano Cuero Engrasado - Marrón claro / S","",155678.88,0,0,5,"Importado de Mercado Libre - MLA1214355886",http://http2.mlstatic.com/D_992929-MLA52148486501_102022-O.jpg,Si
6c547ca0-8b90-4b0a-b0e2-b1173323d341,Variant,ML-MLA1191798603-176347920292,"Sombrero Lagomarsino Pampa Panamá Plato Redondo Ala 10 - Tostado / XXL","",369999,0,2,5,"Importado de Mercado Libre - MLA1191798603",http://http2.mlstatic.com/D_756022-MLA52894307025_122022-O.jpg,Si
17c9c645-74a0-4460-acf5-acac41702a42,Variant,ML-MLA1191798603-177591286011,"Sombrero Lagomarsino Pampa Panamá Plato Redondo Ala 10 - Crema / XXL","",369999,0,0,5,"Importado de Mercado Libre - MLA1191798603",http://http2.mlstatic.com/D_756022-MLA52894307025_122022-O.jpg,Si
d297901a-34ec-4971-8c48-9a1024950691,Variant,ML-MLA1191798603-175464544428,"Sombrero Lagomarsino Pampa Panamá Plato Redondo Ala 10 - Crema / XL","",369999,0,0,5,"Importado de Mercado Libre - MLA1191798603",http://http2.mlstatic.com/D_756022-MLA52894307025_122022-O.jpg,Si
327ad82a-dcba-4011-ba78-263e8df52e4c,Variant,ML-MLA1191798603-176142540037,"Sombrero Lagomarsino Pampa Panamá Plato Redondo Ala 10 - Tostado / XL","",369999,0,1,5,"Importado de Mercado Libre - MLA1191798603",http://http2.mlstatic.com/D_756022-MLA52894307025_122022-O.jpg,Si
892abe41-bfd3-469e-9600-7b3f94e2e279,Variant,ML-MLA1191798603-192164952813,"Sombrero Lagomarsino Pampa Panamá Plato Redondo Ala 10 - Tostado / S","",369999,0,3,5,"Importado de Mercado Libre - MLA1191798603",http://http2.mlstatic.com/D_756022-MLA52894307025_122022-O.jpg,Si
00d695f6-a0de-4c06-8422-64a1093221fe,Variant,ML-MLA1191798603-192164952815,"Sombrero Lagomarsino Pampa Panamá Plato Redondo Ala 10 - Tostado / M","",369999,0,1,5,"Importado de Mercado Libre - MLA1191798603",http://http2.mlstatic.com/D_756022-MLA52894307025_122022-O.jpg,Si
3b14f4d3-584e-43f0-af89-060a56d83243,Variant,ML-MLA1191798603-192164952817,"Sombrero Lagomarsino Pampa Panamá Plato Redondo Ala 10 - Tostado / L","",369999,0,2,5,"Importado de Mercado Libre - MLA1191798603",http://http2.mlstatic.com/D_756022-MLA52894307025_122022-O.jpg,Si
cf01f5bf-d6ce-4d7e-91a6-79e497b5d443,Variant,ML-MLA1128650156-175816696385,"Sombrero Australiano Algodon Ventilado Lagomarsino Original - Tostado / L","",68598.88,0,2,1,"Importado de Mercado Libre - MLA1128650156",http://http2.mlstatic.com/D_950926-MLA52404977527_112022-O.jpg,Si
3424ad51-7eae-437e-a4cf-d0ee5a542496,Variant,ML-MLA1128650156-184954577661,"Sombrero Australiano Algodon Ventilado Lagomarsino Original - Natural / XS","",68598.88,0,2,1,"Importado de Mercado Libre - MLA1128650156",http://http2.mlstatic.com/D_950926-MLA52404977527_112022-O.jpg,Si
b65657f4-4c2f-40c2-b495-d3004f94590d,Variant,ML-MLA1128650156-175816696384,"Sombrero Australiano Algodon Ventilado Lagomarsino Original - Tostado / M","",68598.88,0,0,1,"Importado de Mercado Libre - MLA1128650156",http://http2.mlstatic.com/D_950926-MLA52404977527_112022-O.jpg,Si
a8e6aef6-f15d-4042-b6c7-3683852182de,Variant,ML-MLA1128650156-175816696379,"Sombrero Australiano Algodon Ventilado Lagomarsino Original - Natural / S","",68598.88,0,0,1,"Importado de Mercado Libre - MLA1128650156",http://http2.mlstatic.com/D_950926-MLA52404977527_112022-O.jpg,Si
e2efaf74-b4ef-4557-9c34-9527f6fa211a,Variant,ML-MLA1128650156-175816696380,"Sombrero Australiano Algodon Ventilado Lagomarsino Original - Natural / M","",68598.88,0,1,1,"Importado de Mercado Libre - MLA1128650156",http://http2.mlstatic.com/D_950926-MLA52404977527_112022-O.jpg,Si
e7ed3adc-217e-4f63-b200-72c3c9bfad4f,Variant,ML-MLA1128650156-175816696383,"Sombrero Australiano Algodon Ventilado Lagomarsino Original - Tostado / S","",68598.88,0,3,1,"Importado de Mercado Libre - MLA1128650156",http://http2.mlstatic.com/D_950926-MLA52404977527_112022-O.jpg,Si
89fdcf1f-3772-4240-8566-bc52dd58b7de,Variant,ML-MLA1128650156-175816696381,"Sombrero Australiano Algodon Ventilado Lagomarsino Original - Natural / L","",68598.88,0,0,1,"Importado de Mercado Libre - MLA1128650156",http://http2.mlstatic.com/D_950926-MLA52404977527_112022-O.jpg,Si
1d1bc3ba-784c-498c-aa6c-324130cf3709,Variant,ML-MLA1128650156-175816696382,"Sombrero Australiano Algodon Ventilado Lagomarsino Original - Natural / XL","",68598.88,0,1,1,"Importado de Mercado Libre - MLA1128650156",http://http2.mlstatic.com/D_950926-MLA52404977527_112022-O.jpg,Si
1a3e76fd-7336-4a03-b142-d4284270d9db,Variant,ML-MLA1128650156-175816696386,"Sombrero Australiano Algodon Ventilado Lagomarsino Original - Tostado / XL","",68598.88,0,3,1,"Importado de Mercado Libre - MLA1128650156",http://http2.mlstatic.com/D_950926-MLA52404977527_112022-O.jpg,Si
a623e707-77ea-4a2c-97dc-8143a97c3584,Variant,ML-MLA1128650156-175995789030,"Sombrero Australiano Algodon Ventilado Lagomarsino Original - Tostado / XXL","",68598.88,0,2,1,"Importado de Mercado Libre - MLA1128650156",http://http2.mlstatic.com/D_950926-MLA52404977527_112022-O.jpg,Si
b9436340-c927-4d99-b061-24846b9fd1ff,Variant,ML-MLA1128650156-178941557555,"Sombrero Australiano Algodon Ventilado Lagomarsino Original - Natural / XXL","",68598.88,0,0,1,"Importado de Mercado Libre - MLA1128650156",http://http2.mlstatic.com/D_950926-MLA52404977527_112022-O.jpg,Si
43b16894-a64c-477b-bf66-950c0c2f005e,Variant,ML-MLA1128650156-180701759801,"Sombrero Australiano Algodon Ventilado Lagomarsino Original - Tostado / XS","",68598.88,0,2,1,"Importado de Mercado Libre - MLA1128650156",http://http2.mlstatic.com/D_950926-MLA52404977527_112022-O.jpg,Si
28f1224e-b09d-496e-9587-538809a6a86f,Variant,ML-MLA1116880438-175808847951,"Sombrero Lagomersino Cuero Nobuk - Marrón / S","",158999,74244.39,4,1,"Importado de Mercado Libre - MLA1116880438",http://http2.mlstatic.com/D_724585-MLA69912401808_062023-O.jpg,Si
fb5ec4f7-7944-4f95-8bd7-5ce3e091debd,Variant,ML-MLA1116880438-175808847947,"Sombrero Lagomersino Cuero Nobuk - Natural / M","",158999,74244.39,0,1,"Importado de Mercado Libre - MLA1116880438",http://http2.mlstatic.com/D_724585-MLA69912401808_062023-O.jpg,Si
d316e69c-c317-47fa-b38f-49542e5f8c44,Variant,ML-MLA1116880438-175808847946,"Sombrero Lagomersino Cuero Nobuk - Natural / L","",158999,74244.39,2,1,"Importado de Mercado Libre - MLA1116880438",http://http2.mlstatic.com/D_724585-MLA69912401808_062023-O.jpg,Si
f898e4f3-314f-4e2e-9be4-979b54428836,Variant,ML-MLA1116880438-174374664130,"Sombrero Lagomersino Cuero Nobuk - Verde oscuro / L","",158999,74244.39,2,1,"Importado de Mercado Libre - MLA1116880438",http://http2.mlstatic.com/D_724585-MLA69912401808_062023-O.jpg,Si
33ca638a-8c02-48fb-9bec-43dabc2ec60f,Variant,ML-MLA1116880438-174374962264,"Sombrero Lagomersino Cuero Nobuk - Negro / M","",158999,74244.39,0,1,"Importado de Mercado Libre - MLA1116880438",http://http2.mlstatic.com/D_724585-MLA69912401808_062023-O.jpg,Si
a18cfc3d-80b0-468b-b714-502c02fcd9f2,Variant,ML-MLA1116880438-174374962265,"Sombrero Lagomersino Cuero Nobuk - Negro / L","",158999,74244.39,2,1,"Importado de Mercado Libre - MLA1116880438",http://http2.mlstatic.com/D_724585-MLA69912401808_062023-O.jpg,Si
a8d9e8ac-864a-409a-b516-a4d182381cc6,Variant,ML-MLA1116880438-174601556276,"Sombrero Lagomersino Cuero Nobuk - Marrón / L","",158999,74244.39,1,1,"Importado de Mercado Libre - MLA1116880438",http://http2.mlstatic.com/D_724585-MLA69912401808_062023-O.jpg,Si
56e4b912-1d52-4bac-b727-8f348379930b,Variant,ML-MLA1116880438-175808847948,"Sombrero Lagomersino Cuero Nobuk - Natural / S","",158999,74244.39,0,1,"Importado de Mercado Libre - MLA1116880438",http://http2.mlstatic.com/D_724585-MLA69912401808_062023-O.jpg,Si
8c5cee3f-2bb8-4e46-8aa1-e65ab568989e,Variant,ML-MLA1116880438-175808847949,"Sombrero Lagomersino Cuero Nobuk - Natural / XL","",158999,74244.39,2,1,"Importado de Mercado Libre - MLA1116880438",http://http2.mlstatic.com/D_724585-MLA69912401808_062023-O.jpg,Si
27252695-07c9-4d48-bc6a-e0610862f8f5,Variant,ML-MLA1116880438-175808847950,"Sombrero Lagomersino Cuero Nobuk - Marrón / XS","",158999,74244.39,1,1,"Importado de Mercado Libre - MLA1116880438",http://http2.mlstatic.com/D_724585-MLA69912401808_062023-O.jpg,Si
1879eaf7-7219-4726-8623-da2001cadaa7,Variant,ML-MLA1116880438-174374664129,"Sombrero Lagomersino Cuero Nobuk - Verde oscuro / S","",158999,74244.39,1,1,"Importado de Mercado Libre - MLA1116880438",http://http2.mlstatic.com/D_724585-MLA69912401808_062023-O.jpg,Si
29f6f07e-d5d9-4688-9eed-6b8ef5504ed7,Variant,ML-MLA1116880438-175808847952,"Sombrero Lagomersino Cuero Nobuk - Marrón / M","",158999,74244.39,2,1,"Importado de Mercado Libre - MLA1116880438",http://http2.mlstatic.com/D_724585-MLA69912401808_062023-O.jpg,Si
6900e8f7-0192-4dab-86de-bd580d3687bf,Variant,ML-MLA1116880438-175808847953,"Sombrero Lagomersino Cuero Nobuk - Marrón / XL","",158999,74244.39,1,1,"Importado de Mercado Libre - MLA1116880438",http://http2.mlstatic.com/D_724585-MLA69912401808_062023-O.jpg,Si
c5b4db61-82c8-4b8e-b755-7019acc7b82e,Variant,ML-MLA1116880438-178941363483,"Sombrero Lagomersino Cuero Nobuk - Natural / XXL","",158999,74244.39,0,1,"Importado de Mercado Libre - MLA1116880438",http://http2.mlstatic.com/D_724585-MLA69912401808_062023-O.jpg,Si
e14a5236-4805-47e0-ae0a-1b483dd4eef2,Variant,ML-MLA1116880438-182531182105,"Sombrero Lagomersino Cuero Nobuk - Marrón / XXL","",158999,74244.39,1,1,"Importado de Mercado Libre - MLA1116880438",http://http2.mlstatic.com/D_724585-MLA69912401808_062023-O.jpg,Si
666cfb81-fe09-4626-be29-fb8eea518f9b,Variant,ML-MLA1116880438-188196843201,"Sombrero Lagomersino Cuero Nobuk - Natural / XS","",158999,74244.39,1,1,"Importado de Mercado Libre - MLA1116880438",http://http2.mlstatic.com/D_724585-MLA69912401808_062023-O.jpg,Si
49dcf241-5e25-4d67-8df1-19f08ffbf642,Variant,ML-MLA1116880438-188828146947,"Sombrero Lagomersino Cuero Nobuk - Negro / S","",158999,74244.39,1,1,"Importado de Mercado Libre - MLA1116880438",http://http2.mlstatic.com/D_724585-MLA69912401808_062023-O.jpg,Si
43c0eb5d-4a00-4b03-a195-2331836827d2,Variant,ML-MLA1116880438-188828146951,"Sombrero Lagomersino Cuero Nobuk - Negro / XXL","",158999,74244.39,1,1,"Importado de Mercado Libre - MLA1116880438",http://http2.mlstatic.com/D_724585-MLA69912401808_062023-O.jpg,Si
d5c973d4-4f8d-4d07-ab36-7cf50e126c7d,Variant,ML-MLA1116880438-188827925963,"Sombrero Lagomersino Cuero Nobuk - Verde oscuro / M","",158999,74244.39,0,1,"Importado de Mercado Libre - MLA1116880438",http://http2.mlstatic.com/D_724585-MLA69912401808_062023-O.jpg,Si
885b502a-168a-4867-b163-96cca2d1c718,Variant,ML-MLA1116880438-188827925965,"Sombrero Lagomersino Cuero Nobuk - Verde oscuro / XL","",158999,74244.39,1,1,"Importado de Mercado Libre - MLA1116880438",http://http2.mlstatic.com/D_724585-MLA69912401808_062023-O.jpg,Si
370d3104-e9df-43e4-8bdb-d9f514dc9709,Variant,ML-MLA1116880438-188827925967,"Sombrero Lagomersino Cuero Nobuk - Verde oscuro / XXL","",158999,74244.39,1,1,"Importado de Mercado Libre - MLA1116880438",http://http2.mlstatic.com/D_724585-MLA69912401808_062023-O.jpg,Si
b111e6f0-d5b6-4aba-bc76-fa0c9acd2248,Variant,ML-MLA1116880438-188828146949,"Sombrero Lagomersino Cuero Nobuk - Negro / XL","",158999,74244.39,1,1,"Importado de Mercado Libre - MLA1116880438",http://http2.mlstatic.com/D_724585-MLA69912401808_062023-O.jpg,Si
38cf5e43-01ec-44c0-92bd-5c83db41a809,Variant,ML-MLA934513863-174168977359,"Sombrero Australiano Cuero Engrasado Lagomarsino - Marrón oscuro / L","",173000,0,2,1,"Importado de Mercado Libre - MLA934513863",http://http2.mlstatic.com/D_663848-MLA47120158822_082021-O.jpg,Si
6cdd49b1-11b0-4d0b-92e0-af7d70d2aee1,Variant,ML-MLA934513863-94479441322,"Sombrero Australiano Cuero Engrasado Lagomarsino - Marrón oscuro / XL","",173000,0,4,1,"Importado de Mercado Libre - MLA934513863",http://http2.mlstatic.com/D_663848-MLA47120158822_082021-O.jpg,Si
a81e1072-c237-427d-a6af-3b5b38ca9836,Variant,ML-MLA934513863-173964436921,"Sombrero Australiano Cuero Engrasado Lagomarsino - Marrón oscuro / M","",173000,0,4,1,"Importado de Mercado Libre - MLA934513863",http://http2.mlstatic.com/D_663848-MLA47120158822_082021-O.jpg,Si
58ff3281-7561-4212-a0c1-94adae23e8ea,Variant,ML-MLA934513863-175035017826,"Sombrero Australiano Cuero Engrasado Lagomarsino - Negro / M","",173000,0,2,1,"Importado de Mercado Libre - MLA934513863",http://http2.mlstatic.com/D_663848-MLA47120158822_082021-O.jpg,Si
378cf4c3-064c-4280-8e62-e20290e91a92,Variant,ML-MLA934513863-175035017827,"Sombrero Australiano Cuero Engrasado Lagomarsino - Negro / L","",173000,0,2,1,"Importado de Mercado Libre - MLA934513863",http://http2.mlstatic.com/D_663848-MLA47120158822_082021-O.jpg,Si
6b120999-a9da-4ede-9ccb-04793292e56b,Variant,ML-MLA934513863-175035017828,"Sombrero Australiano Cuero Engrasado Lagomarsino - Negro / XL","",173000,0,2,2,"Importado de Mercado Libre - MLA934513863",http://http2.mlstatic.com/D_663848-MLA47120158822_082021-O.jpg,Si
72e26fb5-a8f6-4646-b9d2-80016ce602b1,Variant,ML-MLA934513863-175561148505,"Sombrero Australiano Cuero Engrasado Lagomarsino - Marrón oscuro / XXL","",173000,0,2,2,"Importado de Mercado Libre - MLA934513863",http://http2.mlstatic.com/D_663848-MLA47120158822_082021-O.jpg,Si
15639011-2127-4958-9f75-6eaadf1a82c5,Variant,ML-MLA934513863-175624105737,"Sombrero Australiano Cuero Engrasado Lagomarsino - Negro / XXL","",173000,0,2,1,"Importado de Mercado Libre - MLA934513863",http://http2.mlstatic.com/D_663848-MLA47120158822_082021-O.jpg,Si
1d879531-e1c1-4140-a3b7-76935718b7de,Variant,ML-MLA934513863-175624105738,"Sombrero Australiano Cuero Engrasado Lagomarsino - Negro / S","",173000,0,1,1,"Importado de Mercado Libre - MLA934513863",http://http2.mlstatic.com/D_663848-MLA47120158822_082021-O.jpg,Si
ef91a114-90f1-41c2-af9a-79841284f6ed,Variant,ML-MLA934513863-175813422972,"Sombrero Australiano Cuero Engrasado Lagomarsino - Negro / XS","",173000,0,2,1,"Importado de Mercado Libre - MLA934513863",http://http2.mlstatic.com/D_663848-MLA47120158822_082021-O.jpg,Si
9cce771c-286c-46b0-bdc3-9e2c64d0c289,Variant,ML-MLA934513863-179403081933,"Sombrero Australiano Cuero Engrasado Lagomarsino - Marrón oscuro / XS","",173000,0,1,1,"Importado de Mercado Libre - MLA934513863",http://http2.mlstatic.com/D_663848-MLA47120158822_082021-O.jpg,Si
42f0aee9-56fe-436c-a20c-69a797e83752,Variant,ML-MLA934513863-174246515763,"Sombrero Australiano Cuero Engrasado Lagomarsino - Marrón oscuro / S","",173000,0,6,1,"Importado de Mercado Libre - MLA934513863",http://http2.mlstatic.com/D_663848-MLA47120158822_082021-O.jpg,Si