ID,Handle,Name,Description,Category,Option1 Name,Option1 Value,SKU,Price,Stock,Image Src
28f1224e-b09d-496e-9587-538809a6a86f,ML-MLA1116880438,"Sombrero Lagomersino Cuero Nobuk","Importado de Mercado Libre - MLA1116880438","General",Variant,"Marrón / S",ML-MLA1116880438-175808847951,158999,4,http://http2.mlstatic.com/D_724585-MLA69912401808_062023-O.jpg
fb5ec4f7-7944-4f95-8bd7-5ce3e091debd,ML-MLA1116880438,"Sombrero Lagomersino Cuero Nobuk","Importado de Mercado Libre - MLA1116880438","General",Variant,"Natural / M",ML-MLA1116880438-175808847947,158999,0,http://http2.mlstatic.com/D_724585-MLA69912401808_062023-O.jpg
d316e69c-c317-47fa-b38f-49542e5f8c44,ML-MLA1116880438,"Sombrero Lagomersino Cuero Nobuk","Importado de Mercado Libre - MLA1116880438","General",Variant,"Natural / L",ML-MLA1116880438-175808847946,158999,2,http://http2.mlstatic.com/D_724585-MLA69912401808_062023-O.jpg
f898e4f3-314f-4e2e-9be4-979b54428836,ML-MLA1116880438,"Sombrero Lagomersino Cuero Nobuk","Importado de Mercado Libre - MLA1116880438","General",Variant,"Verde oscuro / L",ML-MLA1116880438-174374664130,158999,2,http://http2.mlstatic.com/D_724585-MLA69912401808_062023-O.jpg
33ca638a-8c02-48fb-9bec-43dabc2ec60f,ML-MLA1116880438,"Sombrero Lagomersino Cuero Nobuk","Importado de Mercado Libre - MLA1116880438","General",Variant,"Negro / M",ML-MLA1116880438-174374962264,158999,0,http://http2.mlstatic.com/D_724585-MLA69912401808_062023-O.jpg
a18cfc3d-80b0-468b-b714-502c02fcd9f2,ML-MLA1116880438,"Sombrero Lagomersino Cuero Nobuk","Importado de Mercado Libre - MLA1116880438","General",Variant,"Negro / L",ML-MLA1116880438-174374962265,158999,2,http://http2.mlstatic.com/D_724585-MLA69912401808_062023-O.jpg
a8d9e8ac-864a-409a-b516-a4d182381cc6,ML-MLA1116880438,"Sombrero Lagomersino Cuero Nobuk","Importado de Mercado Libre - MLA1116880438","General",Variant,"Marrón / L",ML-MLA1116880438-174601556276,158999,1,http://http2.mlstatic.com/D_724585-MLA69912401808_062023-O.jpg
56e4b912-1d52-4bac-b727-8f348379930b,ML-MLA1116880438,"Sombrero Lagomersino Cuero Nobuk","Importado de Mercado Libre - MLA1116880438","General",Variant,"Natural / S",ML-MLA1116880438-175808847948,158999,0,http://http2.mlstatic.com/D_724585-MLA69912401808_062023-O.jpg
8c5cee3f-2bb8-4e46-8aa1-e65ab568989e,ML-MLA1116880438,"Sombrero Lagomersino Cuero Nobuk","Importado de Mercado Libre - MLA1116880438","General",Variant,"Natural / XL",ML-MLA1116880438-175808847949,158999,2,http://http2.mlstatic.com/D_724585-MLA69912401808_062023-O.jpg
27252695-07c9-4d48-bc6a-e0610862f8f5,ML-MLA1116880438,"Sombrero Lagomersino Cuero Nobuk","Importado de Mercado Libre - MLA1116880438","General",Variant,"Marrón / XS",ML-MLA1116880438-175808847950,158999,1,http://http2.mlstatic.com/D_724585-MLA69912401808_062023-O.jpg
1879eaf7-7219-4726-8623-da2001cadaa7,ML-MLA1116880438,"Sombrero Lagomersino Cuero Nobuk","Importado de Mercado Libre - MLA1116880438","General",Variant,"Verde oscuro / S",ML-MLA1116880438-174374664129,158999,0,http://http2.mlstatic.com/D_724585-MLA69912401808_062023-O.jpg
29f6f07e-d5d9-4688-9eed-6b8ef5504ed7,ML-MLA1116880438,"Sombrero Lagomersino Cuero Nobuk","Importado de Mercado Libre - MLA1116880438","General",Variant,"Marrón / M",ML-MLA1116880438-175808847952,158999,1,http://http2.mlstatic.com/D_724585-MLA69912401808_062023-O.jpg
6900e8f7-0192-4dab-86de-bd580d3687bf,ML-MLA1116880438,"Sombrero Lagomersino Cuero Nobuk","Importado de Mercado Libre - MLA1116880438","General",Variant,"Marrón / XL",ML-MLA1116880438-175808847953,158999,1,http://http2.mlstatic.com/D_724585-MLA69912401808_062023-O.jpg
c5b4db61-82c8-4b8e-b755-7019acc7b82e,ML-MLA1116880438,"Sombrero Lagomersino Cuero Nobuk","Importado de Mercado Libre - MLA1116880438","General",Variant,"Natural / XXL",ML-MLA1116880438-178941363483,158999,0,http://http2.mlstatic.com/D_724585-MLA69912401808_062023-O.jpg
e14a5236-4805-47e0-ae0a-1b483dd4eef2,ML-MLA1116880438,"Sombrero Lagomersino Cuero Nobuk","Importado de Mercado Libre - MLA1116880438","General",Variant,"Marrón / XXL",ML-MLA1116880438-182531182105,158999,1,http://http2.mlstatic.com/D_724585-MLA69912401808_062023-O.jpg
666cfb81-fe09-4626-be29-fb8eea518f9b,ML-MLA1116880438,"Sombrero Lagomersino Cuero Nobuk","Importado de Mercado Libre - MLA1116880438","General",Variant,"Natural / XS",ML-MLA1116880438-188196843201,158999,1,http://http2.mlstatic.com/D_724585-MLA69912401808_062023-O.jpg
49dcf241-5e25-4d67-8df1-19f08ffbf642,ML-MLA1116880438,"Sombrero Lagomersino Cuero Nobuk","Importado de Mercado Libre - MLA1116880438","General",Variant,"Negro / S",ML-MLA1116880438-188828146947,158999,1,http://http2.mlstatic.com/D_724585-MLA69912401808_062023-O.jpg
43c0eb5d-4a00-4b03-a195-2331836827d2,ML-MLA1116880438,"Sombrero Lagomersino Cuero Nobuk","Importado de Mercado Libre - MLA1116880438","General",Variant,"Negro / XXL",ML-MLA1116880438-188828146951,158999,1,http://http2.mlstatic.com/D_724585-MLA69912401808_062023-O.jpg
d5c973d4-4f8d-4d07-ab36-7cf50e126c7d,ML-MLA1116880438,"Sombrero Lagomersino Cuero Nobuk","Importado de Mercado Libre - MLA1116880438","General",Variant,"Verde oscuro / M",ML-MLA1116880438-188827925963,158999,0,http://http2.mlstatic.com/D_724585-MLA69912401808_062023-O.jpg
885b502a-168a-4867-b163-96cca2d1c718,ML-MLA1116880438,"Sombrero Lagomersino Cuero Nobuk","Importado de Mercado Libre - MLA1116880438","General",Variant,"Verde oscuro / XL",ML-MLA1116880438-188827925965,158999,1,http://http2.mlstatic.com/D_724585-MLA69912401808_062023-O.jpg
370d3104-e9df-43e4-8bdb-d9f514dc9709,ML-MLA1116880438,"Sombrero Lagomersino Cuero Nobuk","Importado de Mercado Libre - MLA1116880438","General",Variant,"Verde oscuro / XXL",ML-MLA1116880438-188827925967,158999,0,http://http2.mlstatic.com/D_724585-MLA69912401808_062023-O.jpg
b111e6f0-d5b6-4aba-bc76-fa0c9acd2248,ML-MLA1116880438,"Sombrero Lagomersino Cuero Nobuk","Importado de Mercado Libre - MLA1116880438","General",Variant,"Negro / XL",ML-MLA1116880438-188828146949,158999,1,http://http2.mlstatic.com/D_724585-MLA69912401808_062023-O.jpg
6c547ca0-8b90-4b0a-b0e2-b1173323d341,ML-MLA1191798603,"Sombrero Lagomarsino Pampa Panamá Plato Redondo Ala 10","Importado de Mercado Libre - MLA1191798603","General",Variant,"Tostado / XXL",ML-MLA1191798603-176347920292,369999,1,http://http2.mlstatic.com/D_756022-MLA52894307025_122022-O.jpg
17c9c645-74a0-4460-acf5-acac41702a42,ML-MLA1191798603,"Sombrero Lagomarsino Pampa Panamá Plato Redondo Ala 10","Importado de Mercado Libre - MLA1191798603","General",Variant,"Crema / XXL",ML-MLA1191798603-177591286011,369999,0,http://http2.mlstatic.com/D_756022-MLA52894307025_122022-O.jpg
d297901a-34ec-4971-8c48-9a1024950691,ML-MLA1191798603,"Sombrero Lagomarsino Pampa Panamá Plato Redondo Ala 10","Importado de Mercado Libre - MLA1191798603","General",Variant,"Crema / XL",ML-MLA1191798603-175464544428,369999,0,http://http2.mlstatic.com/D_756022-MLA52894307025_122022-O.jpg
327ad82a-dcba-4011-ba78-263e8df52e4c,ML-MLA1191798603,"Sombrero Lagomarsino Pampa Panamá Plato Redondo Ala 10","Importado de Mercado Libre - MLA1191798603","General",Variant,"Tostado / XL",ML-MLA1191798603-176142540037,369999,0,http://http2.mlstatic.com/D_756022-MLA52894307025_122022-O.jpg
892abe41-bfd3-469e-9600-7b3f94e2e279,ML-MLA1191798603,"Sombrero Lagomarsino Pampa Panamá Plato Redondo Ala 10","Importado de Mercado Libre - MLA1191798603","General",Variant,"Tostado / S",ML-MLA1191798603-192164952813,369999,3,http://http2.mlstatic.com/D_756022-MLA52894307025_122022-O.jpg
00d695f6-a0de-4c06-8422-64a1093221fe,ML-MLA1191798603,"Sombrero Lagomarsino Pampa Panamá Plato Redondo Ala 10","Importado de Mercado Libre - MLA1191798603","General",Variant,"Tostado / M",ML-MLA1191798603-192164952815,369999,1,http://http2.mlstatic.com/D_756022-MLA52894307025_122022-O.jpg
3b14f4d3-584e-43f0-af89-060a56d83243,ML-MLA1191798603,"Sombrero Lagomarsino Pampa Panamá Plato Redondo Ala 10","Importado de Mercado Libre - MLA1191798603","General",Variant,"Tostado / L",ML-MLA1191798603-192164952817,369999,1,http://http2.mlstatic.com/D_756022-MLA52894307025_122022-O.jpg
e12e9f16-e005-460b-a0b5-7784a27ecc4c,ML-MLA1214355886,"Sombrero Australiano Cuero Engrasado","Importado de Mercado Libre - MLA1214355886","General",Variant,"Marrón / S",ML-MLA1214355886-175599390559,155678.88,5,http://http2.mlstatic.com/D_992929-MLA52148486501_102022-O.jpg
1dc5f52c-acc5-4fea-8341-cb9408956a9b,ML-MLA1214355886,"Sombrero Australiano Cuero Engrasado","Importado de Mercado Libre - MLA1214355886","General",Variant,"Marrón / M",ML-MLA1214355886-175599390560,155678.88,0,http://http2.mlstatic.com/D_992929-MLA52148486501_102022-O.jpg
73d9e6d9-93d1-4cd5-acff-3cdd8def3c96,ML-MLA1214355886,"Sombrero Australiano Cuero Engrasado","Importado de Mercado Libre - MLA1214355886","General",Variant,"Marrón / L",ML-MLA1214355886-175599390561,155678.88,0,http://http2.mlstatic.com/D_992929-MLA52148486501_102022-O.jpg
e6555bb9-f2fe-4db4-b448-a12a3e489d71,ML-MLA1214355886,"Sombrero Australiano Cuero Engrasado","Importado de Mercado Libre - MLA1214355886","General",Variant,"Marrón / XL",ML-MLA1214355886-175599390562,155678.88,0,http://http2.mlstatic.com/D_992929-MLA52148486501_102022-O.jpg
6c4ef994-c665-4350-bd81-17064694d429,ML-MLA1214355886,"Sombrero Australiano Cuero Engrasado","Importado de Mercado Libre - MLA1214355886","General",Variant,"Marrón / XXL",ML-MLA1214355886-178601307729,155678.88,0,http://http2.mlstatic.com/D_992929-MLA52148486501_102022-O.jpg
831d028b-e89d-4698-9311-2f73d8ab3b7e,ML-MLA1214355886,"Sombrero Australiano Cuero Engrasado","Importado de Mercado Libre - MLA1214355886","General",Variant,"Marrón claro / M",ML-MLA1214355886-178660575731,155678.88,1,http://http2.mlstatic.com/D_992929-MLA52148486501_102022-O.jpg
7a34a3f1-8af0-4b79-814d-3cc52d4e42a1,ML-MLA1214355886,"Sombrero Australiano Cuero Engrasado","Importado de Mercado Libre - MLA1214355886","General",Variant,"Marrón claro / L",ML-MLA1214355886-178660575733,155678.88,0,http://http2.mlstatic.com/D_992929-MLA52148486501_102022-O.jpg
9f38337f-01fd-4807-a4e5-136eaf43d5c8,ML-MLA1214355886,"Sombrero Australiano Cuero Engrasado","Importado de Mercado Libre - MLA1214355886","General",Variant,"Marrón claro / XL",ML-MLA1214355886-178660575735,155678.88,0,http://http2.mlstatic.com/D_992929-MLA52148486501_102022-O.jpg
ed90f9a4-69d4-4076-9cc4-88af8705e3c7,ML-MLA1214355886,"Sombrero Australiano Cuero Engrasado","Importado de Mercado Libre - MLA1214355886","General",Variant,"Marrón claro / XXL",ML-MLA1214355886-178660575737,155678.88,0,http://http2.mlstatic.com/D_992929-MLA52148486501_102022-O.jpg
308a4dcc-7246-4891-bde1-6c365f4f2310,ML-MLA1214355886,"Sombrero Australiano Cuero Engrasado","Importado de Mercado Libre - MLA1214355886","General",Variant,"Marrón claro / S",ML-MLA1214355886-178660575729,155678.88,0,http://http2.mlstatic.com/D_992929-MLA52148486501_102022-O.jpg
d8fae78d-1d5f-474f-b583-dbecbf5d5580,ML-MLA1373539253,"Sombrero Australiano Cuero Nobuk","Importado de Mercado Libre - MLA1373539253","General",Variant,"Arena / L",ML-MLA1373539253-178661459445,127999,6,http://http2.mlstatic.com/D_850975-MLA69962167710_062023-O.jpg
928af2b0-7714-458f-b690-43746f423688,ML-MLA1373539253,"Sombrero Australiano Cuero Nobuk","Importado de Mercado Libre - MLA1373539253","General",Variant,"Arena / XL",ML-MLA1373539253-178661459443,127999,4,http://http2.mlstatic.com/D_850975-MLA69962167710_062023-O.jpg
391ad997-1c8f-4e18-a313-cfbea395fda8,ML-MLA1373539253,"Sombrero Australiano Cuero Nobuk","Importado de Mercado Libre - MLA1373539253","General",Variant,"Arena / M",ML-MLA1373539253-178661459447,127999,2,http://http2.mlstatic.com/D_850975-MLA69962167710_062023-O.jpg
54422055-ec4f-4105-8732-0ec06121d379,ML-MLA1373539253,"Sombrero Australiano Cuero Nobuk","Importado de Mercado Libre - MLA1373539253","General",Variant,"Arena / S",ML-MLA1373539253-178661459449,127999,0,http://http2.mlstatic.com/D_850975-MLA69962167710_062023-O.jpg
fa3984f1-9a22-48c5-b562-34e60a6b076e,ML-MLA1373539253,"Sombrero Australiano Cuero Nobuk","Importado de Mercado Libre - MLA1373539253","General",Variant,"Arena / XXL",ML-MLA1373539253-178661459441,127999,0,http://http2.mlstatic.com/D_850975-MLA69962167710_062023-O.jpg
476bf0c4-34c8-4821-9495-ecf07d2dca91,ML-MLA1384981747,"Sombrero Pampa Lagomarsino Algodón Ventilado Ala 8","Importado de Mercado Libre - MLA1384981747","General",Variant,"Natural / XS",ML-MLA1384981747-184955772909,74999,1,http://http2.mlstatic.com/D_926684-MLA77469510793_072024-O.jpg
97df6821-6a29-44bc-b0c8-ea3758bc66c2,ML-MLA1384981747,"Sombrero Pampa Lagomarsino Algodón Ventilado Ala 8","Importado de Mercado Libre - MLA1384981747","General",Variant,"Tostado / XXL",ML-MLA1384981747-178585630240,74999,4,http://http2.mlstatic.com/D_926684-MLA77469510793_072024-O.jpg
23942c07-5c61-43db-989e-a4e4a0f12989,ML-MLA1384981747,"Sombrero Pampa Lagomarsino Algodón Ventilado Ala 8","Importado de Mercado Libre - MLA1384981747","General",Variant,"Tostado / L",ML-MLA1384981747-178585630236,74999,12,http://http2.mlstatic.com/D_926684-MLA77469510793_072024-O.jpg
cda7f3a2-de67-4102-8e36-0f43be05bb15,ML-MLA1384981747,"Sombrero Pampa Lagomarsino Algodón Ventilado Ala 8","Importado de Mercado Libre - MLA1384981747","General",Variant,"Tostado / XL",ML-MLA1384981747-178585630238,74999,10,http://http2.mlstatic.com/D_926684-MLA77469510793_072024-O.jpg
b80e21fc-872c-4369-b280-b5b7bfd2e2e0,ML-MLA1384981747,"Sombrero Pampa Lagomarsino Algodón Ventilado Ala 8","Importado de Mercado Libre - MLA1384981747","General",Variant,"Natural / XXL",ML-MLA1384981747-180444178635,74999,1,http://http2.mlstatic.com/D_926684-MLA77469510793_072024-O.jpg
d58e49e0-9737-4d89-a921-cc8c1d505231,ML-MLA1384981747,"Sombrero Pampa Lagomarsino Algodón Ventilado Ala 8","Importado de Mercado Libre - MLA1384981747","General",Variant,"Natural / L",ML-MLA1384981747-180610060043,74999,2,http://http2.mlstatic.com/D_926684-MLA77469510793_072024-O.jpg
f0477e6c-f9e2-4ff9-a931-aedb084a02e0,ML-MLA1384981747,"Sombrero Pampa Lagomarsino Algodón Ventilado Ala 8","Importado de Mercado Libre - MLA1384981747","General",Variant,"Natural / XL",ML-MLA1384981747-180444178633,74999,1,http://http2.mlstatic.com/D_926684-MLA77469510793_072024-O.jpg
bbe495aa-ba99-47e0-9b8a-2972202e12f5,ML-MLA1384981747,"Sombrero Pampa Lagomarsino Algodón Ventilado Ala 8","Importado de Mercado Libre - MLA1384981747","General",Variant,"Tostado / M",ML-MLA1384981747-178585630234,74999,10,http://http2.mlstatic.com/D_926684-MLA77469510793_072024-O.jpg
76ce2bcc-d62a-4b0a-a467-33191b3b0adb,ML-MLA1384981747,"Sombrero Pampa Lagomarsino Algodón Ventilado Ala 8","Importado de Mercado Libre - MLA1384981747","General",Variant,"Tostado / S",ML-MLA1384981747-178585630232,74999,3,http://http2.mlstatic.com/D_926684-MLA77469510793_072024-O.jpg
02308705-1bae-40f0-8a7f-a7887ca9918d,ML-MLA1384981747,"Sombrero Pampa Lagomarsino Algodón Ventilado Ala 8","Importado de Mercado Libre - MLA1384981747","General",Variant,"Natural / M",ML-MLA1384981747-180444178631,74999,2,http://http2.mlstatic.com/D_926684-MLA77469510793_072024-O.jpg
f9de59a6-cece-445d-ac82-1cbebe5ed0d7,ML-MLA1384981747,"Sombrero Pampa Lagomarsino Algodón Ventilado Ala 8","Importado de Mercado Libre - MLA1384981747","General",Variant,"Natural / S",ML-MLA1384981747-180610060045,74999,1,http://http2.mlstatic.com/D_926684-MLA77469510793_072024-O.jpg
bc24a5b3-eb70-45eb-88ef-2ff9dfb7fe8c,ML-MLA1384981747,"Sombrero Pampa Lagomarsino Algodón Ventilado Ala 8","Importado de Mercado Libre - MLA1384981747","General",Variant,"Tostado / XS",ML-MLA1384981747-184955889311,74999,1,http://http2.mlstatic.com/D_926684-MLA77469510793_072024-O.jpg
64a84c36-2ee9-4557-abf9-1c4a2ca868c5,ML-MLA1388470551,"Sombrero Pampa Lagomarsino Algodón Ventilado Ala 10","Importado de Mercado Libre - MLA1388470551","General",Variant,"Natural / S",ML-MLA1388470551-180637669839,82299,0,http://http2.mlstatic.com/D_872180-MLA73043314485_112023-O.jpg
9005f892-ac46-4383-b1c7-c5e2bc883922,ML-MLA1388470551,"Sombrero Pampa Lagomarsino Algodón Ventilado Ala 10","Importado de Mercado Libre - MLA1388470551","General",Variant,"Tostado / XL",ML-MLA1388470551-179922639047,82299,10,http://http2.mlstatic.com/D_872180-MLA73043314485_112023-O.jpg
2781fc69-662c-4635-9026-1a4ae1dfef5b,ML-MLA1388470551,"Sombrero Pampa Lagomarsino Algodón Ventilado Ala 10","Importado de Mercado Libre - MLA1388470551","General",Variant,"Tostado / L",ML-MLA1388470551-179922639045,82299,12,http://http2.mlstatic.com/D_872180-MLA73043314485_112023-O.jpg
e34ef0f8-89e0-4f00-97f1-8d057bcc01e0,ML-MLA1388470551,"Sombrero Pampa Lagomarsino Algodón Ventilado Ala 10","Importado de Mercado Libre - MLA1388470551","General",Variant,"Tostado / M",ML-MLA1388470551-179922639043,82299,10,http://http2.mlstatic.com/D_872180-MLA73043314485_112023-O.jpg
87e4f0de-ed5c-4db3-be34-990622cae149,ML-MLA1388470551,"Sombrero Pampa Lagomarsino Algodón Ventilado Ala 10","Importado de Mercado Libre - MLA1388470551","General",Variant,"Tostado / S",ML-MLA1388470551-179922639041,82299,3,http://http2.mlstatic.com/D_872180-MLA73043314485_112023-O.jpg
ac9b00a4-6b46-4601-9fe8-023004aae0b9,ML-MLA1388470551,"Sombrero Pampa Lagomarsino Algodón Ventilado Ala 10","Importado de Mercado Libre - MLA1388470551","General",Variant,"Tostado / XXL",ML-MLA1388470551-179922639049,82299,4,http://http2.mlstatic.com/D_872180-MLA73043314485_112023-O.jpg
47d02d27-8f03-40f9-86f2-ac05f6b40ae8,ML-MLA1388470551,"Sombrero Pampa Lagomarsino Algodón Ventilado Ala 10","Importado de Mercado Libre - MLA1388470551","General",Variant,"Natural / L",ML-MLA1388470551-180639513031,82299,2,http://http2.mlstatic.com/D_872180-MLA73043314485_112023-O.jpg
bc8631e0-ce8a-4854-afe7-68feb49df556,ML-MLA1388470551,"Sombrero Pampa Lagomarsino Algodón Ventilado Ala 10","Importado de Mercado Libre - MLA1388470551","General",Variant,"Natural / M",ML-MLA1388470551-180639513033,82299,2,http://http2.mlstatic.com/D_872180-MLA73043314485_112023-O.jpg
eb5b6225-37e9-448f-a57a-60463ece4bb0,ML-MLA1388470551,"Sombrero Pampa Lagomarsino Algodón Ventilado Ala 10","Importado de Mercado Libre - MLA1388470551","General",Variant,"Natural / XL",ML-MLA1388470551-180639513035,82299,1,http://http2.mlstatic.com/D_872180-MLA73043314485_112023-O.jpg
5fa76c99-e3b9-49d2-baf4-bd4f99661256,ML-MLA1388470551,"Sombrero Pampa Lagomarsino Algodón Ventilado Ala 10","Importado de Mercado Libre - MLA1388470551","General",Variant,"Natural / XXL",ML-MLA1388470551-180639513037,82299,1,http://http2.mlstatic.com/D_872180-MLA73043314485_112023-O.jpg
371e3793-4775-419b-9188-7ed9053ccd68,ML-MLA1388470551,"Sombrero Pampa Lagomarsino Algodón Ventilado Ala 10","Importado de Mercado Libre - MLA1388470551","General",Variant,"Tostado / XS",ML-MLA1388470551-185345317505,82299,2,http://http2.mlstatic.com/D_872180-MLA73043314485_112023-O.jpg
485e4f0e-2449-43dc-b7c8-01735a0375fe,ML-MLA1388470551,"Sombrero Pampa Lagomarsino Algodón Ventilado Ala 10","Importado de Mercado Libre - MLA1388470551","General",Variant,"Natural / XS",ML-MLA1388470551-185966119507,82299,1,http://http2.mlstatic.com/D_872180-MLA73043314485_112023-O.jpg
047eeb62-4957-4e21-9238-e1b07cf22f4d,ML-MLA1374794360,"Sombrero Lagomarsino Rafia Italiana Modelo Bahia","Importado de Mercado Libre - MLA1374794360","General",Variant,"Natural / M",ML-MLA1374794360-177111482236,87999,0,http://http2.mlstatic.com/D_756485-MLA72744792032_112023-O.jpg
b72bd0b5-1fd7-4a53-86aa-127ec1a7981c,ML-MLA1374794360,"Sombrero Lagomarsino Rafia Italiana Modelo Bahia","Importado de Mercado Libre - MLA1374794360","General",Variant,"Natural / S",ML-MLA1374794360-177111482234,87999,1,http://http2.mlstatic.com/D_756485-MLA72744792032_112023-O.jpg
853b176c-7220-4f32-9910-f6d0ab785060,ML-MLA1374794360,"Sombrero Lagomarsino Rafia Italiana Modelo Bahia","Importado de Mercado Libre - MLA1374794360","General",Variant,"Tostado / M",ML-MLA1374794360-177111482226,87999,1,http://http2.mlstatic.com/D_756485-MLA72744792032_112023-O.jpg
bbede07f-34e6-4e79-9a90-ab1ebdc0f038,ML-MLA1374794360,"Sombrero Lagomarsino Rafia Italiana Modelo Bahia","Importado de Mercado Libre - MLA1374794360","General",Variant,"Tostado / S",ML-MLA1374794360-177111482224,87999,1,http://http2.mlstatic.com/D_756485-MLA72744792032_112023-O.jpg
7e6efe4d-bcf2-4f88-8d28-b5d17eb21d99,ML-MLA1374794360,"Sombrero Lagomarsino Rafia Italiana Modelo Bahia","Importado de Mercado Libre - MLA1374794360","General",Variant,"Tostado / XL",ML-MLA1374794360-177111482230,87999,2,http://http2.mlstatic.com/D_756485-MLA72744792032_112023-O.jpg
ba14bebb-0421-4ad1-bf8c-47e3da44f8ab,ML-MLA1374794360,"Sombrero Lagomarsino Rafia Italiana Modelo Bahia","Importado de Mercado Libre - MLA1374794360","General",Variant,"Tostado / XXL",ML-MLA1374794360-177111482232,87999,0,http://http2.mlstatic.com/D_756485-MLA72744792032_112023-O.jpg
682c46cb-6161-4b8c-8f6b-cf4346cf6f9a,ML-MLA1374794360,"Sombrero Lagomarsino Rafia Italiana Modelo Bahia","Importado de Mercado Libre - MLA1374794360","General",Variant,"Natural / L",ML-MLA1374794360-177111482238,87999,3,http://http2.mlstatic.com/D_756485-MLA72744792032_112023-O.jpg
ac399174-2a04-496d-8052-f74241386d74,ML-MLA1374794360,"Sombrero Lagomarsino Rafia Italiana Modelo Bahia","Importado de Mercado Libre - MLA1374794360","General",Variant,"Natural / XL",ML-MLA1374794360-177111482240,87999,2,http://http2.mlstatic.com/D_756485-MLA72744792032_112023-O.jpg
36839905-bdb3-4b82-839a-a2c07b9e32b3,ML-MLA1374794360,"Sombrero Lagomarsino Rafia Italiana Modelo Bahia","Importado de Mercado Libre - MLA1374794360","General",Variant,"Natural / XS",ML-MLA1374794360-185958441671,87999,1,http://http2.mlstatic.com/D_756485-MLA72744792032_112023-O.jpg
8a6a1af2-0f01-497c-bb4a-1494d92dc71d,ML-MLA1374794360,"Sombrero Lagomarsino Rafia Italiana Modelo Bahia","Importado de Mercado Libre - MLA1374794360","General",Variant,"Tostado / XS",ML-MLA1374794360-186798084939,87999,1,http://http2.mlstatic.com/D_756485-MLA72744792032_112023-O.jpg
20e2904a-63cf-40ae-9b6c-e699690161d1,ML-MLA1374794360,"Sombrero Lagomarsino Rafia Italiana Modelo Bahia","Importado de Mercado Libre - MLA1374794360","General",Variant,"Natural / XXL",ML-MLA1374794360-192573746367,87999,1,http://http2.mlstatic.com/D_756485-MLA72744792032_112023-O.jpg
fd44995b-e3b0-4491-9303-d198dfad73d6,ML-MLA1374794360,"Sombrero Lagomarsino Rafia Italiana Modelo Bahia","Importado de Mercado Libre - MLA1374794360","General",Variant,"Tostado / L",ML-MLA1374794360-177111482228,87999,3,http://http2.mlstatic.com/D_756485-MLA72744792032_112023-O.jpg
6562c6b0-1d65-4f4f-9100-c81c36848da0,ML-MLA1567122136,"Sombrero Lagomarsino Rafia Italiana Modelo Fortaleza","Importado de Mercado Libre - MLA1567122136","General",Variant,"Natural / S",ML-MLA1567122136-179242388748,87999,1,http://http2.mlstatic.com/D_820219-MLA81819421470_012025-O.jpg
dad71764-822f-4aaf-9676-14e92831ec59,ML-MLA1567122136,"Sombrero Lagomarsino Rafia Italiana Modelo Fortaleza","Importado de Mercado Libre - MLA1567122136","General",Variant,"Natural / L",ML-MLA1567122136-179242388736,87999,0,http://http2.mlstatic.com/D_820219-MLA81819421470_012025-O.jpg
7bdc92fb-c451-43e0-9040-a1889a70ccbd,ML-MLA1567122136,"Sombrero Lagomarsino Rafia Italiana Modelo Fortaleza","Importado de Mercado Libre - MLA1567122136","General",Variant,"Tostado / L",ML-MLA1567122136-179242388738,87999,3,http://http2.mlstatic.com/D_820219-MLA81819421470_012025-O.jpg
0caec582-d7bd-4849-8821-42c8b5202c06,ML-MLA1567122136,"Sombrero Lagomarsino Rafia Italiana Modelo Fortaleza","Importado de Mercado Libre - MLA1567122136","General",Variant,"Tostado / XL",ML-MLA1567122136-179242388740,87999,5,http://http2.mlstatic.com/D_820219-MLA81819421470_012025-O.jpg
07877eeb-80cc-4c36-8496-ba5e8a31e0f1,ML-MLA1567122136,"Sombrero Lagomarsino Rafia Italiana Modelo Fortaleza","Importado de Mercado Libre - MLA1567122136","General",Variant,"Tostado / S",ML-MLA1567122136-179242388742,87999,6,http://http2.mlstatic.com/D_820219-MLA81819421470_012025-O.jpg
bf7b9737-cd3e-4567-be31-7d0efc984352,ML-MLA1567122136,"Sombrero Lagomarsino Rafia Italiana Modelo Fortaleza","Importado de Mercado Libre - MLA1567122136","General",Variant,"Tostado / M",ML-MLA1567122136-179242388744,87999,3,http://http2.mlstatic.com/D_820219-MLA81819421470_012025-O.jpg
5a994000-1095-4760-9305-46087e5c1326,ML-MLA1567122136,"Sombrero Lagomarsino Rafia Italiana Modelo Fortaleza","Importado de Mercado Libre - MLA1567122136","General",Variant,"Tostado / XXL",ML-MLA1567122136-179242388746,87999,1,http://http2.mlstatic.com/D_820219-MLA81819421470_012025-O.jpg
f32ba948-3d2b-499b-b44b-56fd18552285,ML-MLA1567122136,"Sombrero Lagomarsino Rafia Italiana Modelo Fortaleza","Importado de Mercado Libre - MLA1567122136","General",Variant,"Natural / M",ML-MLA1567122136-179242388750,87999,0,http://http2.mlstatic.com/D_820219-MLA81819421470_012025-O.jpg
c2d43afd-06b4-482c-b412-878ab1a51398,ML-MLA1567122136,"Sombrero Lagomarsino Rafia Italiana Modelo Fortaleza","Importado de Mercado Libre - MLA1567122136","General",Variant,"Natural / XL",ML-MLA1567122136-179242388752,87999,2,http://http2.mlstatic.com/D_820219-MLA81819421470_012025-O.jpg
ad783956-d2f2-4188-be33-8e5ba6ed82f0,ML-MLA1567122136,"Sombrero Lagomarsino Rafia Italiana Modelo Fortaleza","Importado de Mercado Libre - MLA1567122136","General",Variant,"Natural / XXL",ML-MLA1567122136-180680488777,87999,0,http://http2.mlstatic.com/D_820219-MLA81819421470_012025-O.jpg
bff9da88-e0dc-48d7-85fe-018b6ebe07f6,ML-MLA1567122136,"Sombrero Lagomarsino Rafia Italiana Modelo Fortaleza","Importado de Mercado Libre - MLA1567122136","General",Variant,"Natural / XS",ML-MLA1567122136-186797760835,87999,1,http://http2.mlstatic.com/D_820219-MLA81819421470_012025-O.jpg
39a0b6fd-f9b4-47ef-8f66-4dc9d6bee0e1,ML-MLA1567122136,"Sombrero Lagomarsino Rafia Italiana Modelo Fortaleza","Importado de Mercado Libre - MLA1567122136","General",Variant,"Tostado / XS",ML-MLA1567122136-186798122951,87999,1,http://http2.mlstatic.com/D_820219-MLA81819421470_012025-O.jpg
b2eed5c3-1023-46fa-b739-8e1c9b677e53,ML-MLA1369050150,"Sombrero Lagomarsino Jack Silvestre - Rafia","Importado de Mercado Libre - MLA1369050150","General",Variant,"Natural / XL",ML-MLA1369050150-177014066926,129999,0,http://http2.mlstatic.com/D_817589-MLA54309405840_032023-O.jpg
e7e8e44c-4e0e-486b-bad1-6e630032383c,ML-MLA1369050150,"Sombrero Lagomarsino Jack Silvestre - Rafia","Importado de Mercado Libre - MLA1369050150","General",Variant,"Natural / L",ML-MLA1369050150-177014066924,129999,0,http://http2.mlstatic.com/D_817589-MLA54309405840_032023-O.jpg
69364a5a-129a-4dd3-9c55-1f013ef7b973,ML-MLA1369050150,"Sombrero Lagomarsino Jack Silvestre - Rafia","Importado de Mercado Libre - MLA1369050150","General",Variant,"Natural / M",ML-MLA1369050150-177014066922,129999,0,http://http2.mlstatic.com/D_817589-MLA54309405840_032023-O.jpg
6eaa8fb6-3441-4415-864e-86da4cb79bf2,ML-MLA1369050150,"Sombrero Lagomarsino Jack Silvestre - Rafia","Importado de Mercado Libre - MLA1369050150","General",Variant,"Natural / XXL",ML-MLA1369050150-177014066928,129999,0,http://http2.mlstatic.com/D_817589-MLA54309405840_032023-O.jpg
f90236f0-9486-4a71-bada-891716e573c8,ML-MLA1369050150,"Sombrero Lagomarsino Jack Silvestre - Rafia","Importado de Mercado Libre - MLA1369050150","General",Variant,"Natural / S",ML-MLA1369050150-186435437573,129999,0,http://http2.mlstatic.com/D_817589-MLA54309405840_032023-O.jpg
971fa197-9025-4ff7-8a1b-c6e10a57c629,ML-MLA1217029620,"Sombrero Panama Lagomarsino Ha Laguito Ala 10cm","Importado de Mercado Libre - MLA1217029620","General",Variant,"Natural / 58",ML-MLA1217029620-175620149848,389999,1,http://http2.mlstatic.com/D_752150-MLA52405017505_112022-O.jpg
a7bf6a21-deb6-473c-bc4b-94dae551264a,ML-MLA1217029620,"Sombrero Panama Lagomarsino Ha Laguito Ala 10cm","Importado de Mercado Libre - MLA1217029620","General",Variant,"Natural / 57",ML-MLA1217029620-175620149847,389999,0,http://http2.mlstatic.com/D_752150-MLA52405017505_112022-O.jpg
b39b4e05-8290-4ae4-9cce-955a5d211589,ML-MLA1393989829,"Boina Gorra Lagomarsino Vento Ventilada Original","Importado de Mercado Libre - MLA1393989829","General",Variant,"Tostado / XL",ML-MLA1393989829-180461294753,56998,1,http://http2.mlstatic.com/D_708378-MLA72578864679_102023-O.jpg
97cac1f9-da15-4454-b055-192d9720c734,ML-MLA1393989829,"Boina Gorra Lagomarsino Vento Ventilada Original","Importado de Mercado Libre - MLA1393989829","General",Variant,"Tostado / Xxl",ML-MLA1393989829-180461294755,56998,0,http://http2.mlstatic.com/D_708378-MLA72578864679_102023-O.jpg
93bb431e-82e4-4f8f-8aa6-e1eae9353aa6,ML-MLA1393989829,"Boina Gorra Lagomarsino Vento Ventilada Original","Importado de Mercado Libre - MLA1393989829","General",Variant,"Tostado / S",ML-MLA1393989829-184955071283,56998,0,http://http2.mlstatic.com/D_708378-MLA72578864679_102023-O.jpg
59e69d67-246a-4c38-8ec4-84c46caa1794,ML-MLA1393989829,"Boina Gorra Lagomarsino Vento Ventilada Original","Importado de Mercado Libre - MLA1393989829","General",Variant,"Natural / S",ML-MLA1393989829-180461294757,56998,0,http://http2.mlstatic.com/D_708378-MLA72578864679_102023-O.jpg
70c6abdb-9e56-4536-8af2-0954f98d3cb2,ML-MLA1393989829,"Boina Gorra Lagomarsino Vento Ventilada Original","Importado de Mercado Libre - MLA1393989829","General",Variant,"Tostado / L",ML-MLA1393989829-180461294751,56998,0,http://http2.mlstatic.com/D_708378-MLA72578864679_102023-O.jpg
04ac1c40-0dd4-4769-969c-4e8aac01c672,ML-MLA1393989829,"Boina Gorra Lagomarsino Vento Ventilada Original","Importado de Mercado Libre - MLA1393989829","General",Variant,"Tostado / M",ML-MLA1393989829-180461294749,56998,0,http://http2.mlstatic.com/D_708378-MLA72578864679_102023-O.jpg
53399faa-76c1-461f-b7af-e2f142487450,ML-MLA1393989829,"Boina Gorra Lagomarsino Vento Ventilada Original","Importado de Mercado Libre - MLA1393989829","General",Variant,"Natural / M",ML-MLA1393989829-180461294759,56998,0,http://http2.mlstatic.com/D_708378-MLA72578864679_102023-O.jpg
c994be94-16a8-4368-bd58-d1c89624f568,ML-MLA1393989829,"Boina Gorra Lagomarsino Vento Ventilada Original","Importado de Mercado Libre - MLA1393989829","General",Variant,"Natural / L",ML-MLA1393989829-180461294761,56998,0,http://http2.mlstatic.com/D_708378-MLA72578864679_102023-O.jpg
5c9bc9ef-2c8d-4748-af45-a8dd1529c4a8,ML-MLA1393989829,"Boina Gorra Lagomarsino Vento Ventilada Original","Importado de Mercado Libre - MLA1393989829","General",Variant,"Natural / XL",ML-MLA1393989829-180461294763,56998,1,http://http2.mlstatic.com/D_708378-MLA72578864679_102023-O.jpg
bb12eca4-e3fd-40a4-97e2-4954296a6278,ML-MLA1393989829,"Boina Gorra Lagomarsino Vento Ventilada Original","Importado de Mercado Libre - MLA1393989829","General",Variant,"Natural / Xxl",ML-MLA1393989829-180461294765,56998,0,http://http2.mlstatic.com/D_708378-MLA72578864679_102023-O.jpg
29e96086-c7d0-4b10-9d03-44e9a4133034,ML-MLA1388531001,"Boina Gorra Vento Lagomarsino Flexible","Importado de Mercado Libre - MLA1388531001","General",Variant,"Tostado / XXL",ML-MLA1388531001-178759490164,61998.88,0,http://http2.mlstatic.com/D_998848-MLA71713674346_092023-O.jpg
01a06fdf-2088-4123-8d9c-1802f1466350,ML-MLA1388531001,"Boina Gorra Vento Lagomarsino Flexible","Importado de Mercado Libre - MLA1388531001","General",Variant,"Tostado / M",ML-MLA1388531001-178759490158,61998.88,0,http://http2.mlstatic.com/D_998848-MLA71713674346_092023-O.jpg
1e327ee4-722a-4c9e-8704-6c518edb2af9,ML-MLA1388531001,"Boina Gorra Vento Lagomarsino Flexible","Importado de Mercado Libre - MLA1388531001","General",Variant,"Tostado / L",ML-MLA1388531001-178759490160,61998.88,0,http://http2.mlstatic.com/D_998848-MLA71713674346_092023-O.jpg
4edc266b-6135-4270-b5e3-6ab0bb80c974,ML-MLA1388531001,"Boina Gorra Vento Lagomarsino Flexible","Importado de Mercado Libre - MLA1388531001","General",Variant,"Tostado / XL",ML-MLA1388531001-178759490162,61998.88,0,http://http2.mlstatic.com/D_998848-MLA71713674346_092023-O.jpg
cd963ea3-2804-4d6a-90ed-1a968ed02b0b,ML-MLA1388531001,"Boina Gorra Vento Lagomarsino Flexible","Importado de Mercado Libre - MLA1388531001","General",Variant,"Natural / S",ML-MLA1388531001-179930478859,61998.88,0,http://http2.mlstatic.com/D_998848-MLA71713674346_092023-O.jpg
8b37d7c5-0492-46b0-8780-8a96b24f8b03,ML-MLA1388531001,"Boina Gorra Vento Lagomarsino Flexible","Importado de Mercado Libre - MLA1388531001","General",Variant,"Tostado / S",ML-MLA1388531001-178759490156,61998.88,0,http://http2.mlstatic.com/D_998848-MLA71713674346_092023-O.jpg
6b746de6-5398-4446-bdcf-da5544a53c9b,ML-MLA1388531001,"Boina Gorra Vento Lagomarsino Flexible","Importado de Mercado Libre - MLA1388531001","General",Variant,"Natural / M",ML-MLA1388531001-179930478861,61998.88,0,http://http2.mlstatic.com/D_998848-MLA71713674346_092023-O.jpg
0093b75a-2e1e-4b4b-8895-6cc9003f494e,ML-MLA1388531001,"Boina Gorra Vento Lagomarsino Flexible","Importado de Mercado Libre - MLA1388531001","General",Variant,"Natural / L",ML-MLA1388531001-179930478863,61998.88,0,http://http2.mlstatic.com/D_998848-MLA71713674346_092023-O.jpg
dc2243a1-ed43-4437-bd35-8be6085d59de,ML-MLA1388531001,"Boina Gorra Vento Lagomarsino Flexible","Importado de Mercado Libre - MLA1388531001","General",Variant,"Natural / XL",ML-MLA1388531001-179930478865,61998.88,0,http://http2.mlstatic.com/D_998848-MLA71713674346_092023-O.jpg
793e2a25-8e32-47d0-b927-d3451e7ab39c,ML-MLA1388531001,"Boina Gorra Vento Lagomarsino Flexible","Importado de Mercado Libre - MLA1388531001","General",Variant,"Natural / XXL",ML-MLA1388531001-179930478867,61998.88,1,http://http2.mlstatic.com/D_998848-MLA71713674346_092023-O.jpg
d161c784-4705-4d52-817e-5b1d85137f6f,ML-MLA1472101437,"Gorra Boina Lagomarsino Kent Rafia Italia + Caja Lagomarsino","Importado de Mercado Libre - MLA1472101437","General",Variant,"Tostado / M",ML-MLA1472101437-182782419510,73999,2,http://http2.mlstatic.com/D_841309-MLA81725278492_012025-O.jpg
ea39bca4-a20d-4247-bc74-1ec24e8ace4e,ML-MLA1472101437,"Gorra Boina Lagomarsino Kent Rafia Italia + Caja Lagomarsino","Importado de Mercado Libre - MLA1472101437","General",Variant,"Tostado / L",ML-MLA1472101437-182782419512,73999,2,http://http2.mlstatic.com/D_841309-MLA81725278492_012025-O.jpg
8f678f11-eb28-456b-a793-4566830e290d,ML-MLA1472101437,"Gorra Boina Lagomarsino Kent Rafia Italia + Caja Lagomarsino","Importado de Mercado Libre - MLA1472101437","General",Variant,"Tostado / XL",ML-MLA1472101437-182782419514,73999,1,http://http2.mlstatic.com/D_841309-MLA81725278492_012025-O.jpg
d39d63c7-b656-466b-9f91-5a5fafd0de78,ML-MLA1472101437,"Gorra Boina Lagomarsino Kent Rafia Italia + Caja Lagomarsino","Importado de Mercado Libre - MLA1472101437","General",Variant,"Tostado / XXL",ML-MLA1472101437-182782419516,73999,0,http://http2.mlstatic.com/D_841309-MLA81725278492_012025-O.jpg
b6139f8d-13aa-462d-a231-4db74516284e,ML-MLA1472101437,"Gorra Boina Lagomarsino Kent Rafia Italia + Caja Lagomarsino","Importado de Mercado Libre - MLA1472101437","General",Variant,"Tostado / S",ML-MLA1472101437-182782419508,73999,0,http://http2.mlstatic.com/D_841309-MLA81725278492_012025-O.jpg
e1836889-2299-447d-b7a6-7c8e7008c149,ML-MLA1472101437,"Gorra Boina Lagomarsino Kent Rafia Italia + Caja Lagomarsino","Importado de Mercado Libre - MLA1472101437","General",Variant,"Natural / M",ML-MLA1472101437-182782419520,73999,0,http://http2.mlstatic.com/D_841309-MLA81725278492_012025-O.jpg
a2e062b6-e373-4ae6-aa95-5334cd126976,ML-MLA1472101437,"Gorra Boina Lagomarsino Kent Rafia Italia + Caja Lagomarsino","Importado de Mercado Libre - MLA1472101437","General",Variant,"Natural / L",ML-MLA1472101437-182782419522,73999,0,http://http2.mlstatic.com/D_841309-MLA81725278492_012025-O.jpg
77075e71-b381-49e4-bf49-ed43b971d782,ML-MLA1472101437,"Gorra Boina Lagomarsino Kent Rafia Italia + Caja Lagomarsino","Importado de Mercado Libre - MLA1472101437","General",Variant,"Natural / XXL",ML-MLA1472101437-182782419526,73999,0,http://http2.mlstatic.com/D_841309-MLA81725278492_012025-O.jpg
2fcf9dc3-0aa3-4567-9a8e-2e418b8959a0,ML-MLA1472101437,"Gorra Boina Lagomarsino Kent Rafia Italia + Caja Lagomarsino","Importado de Mercado Libre - MLA1472101437","General",Variant,"Natural / S",ML-MLA1472101437-182782419518,73999,1,http://http2.mlstatic.com/D_841309-MLA81725278492_012025-O.jpg
99d72b86-3bc0-49ea-b04a-c14db2edf6e1,ML-MLA1472101437,"Gorra Boina Lagomarsino Kent Rafia Italia + Caja Lagomarsino","Importado de Mercado Libre - MLA1472101437","General",Variant,"Natural / XL",ML-MLA1472101437-182782419524,73999,0,http://http2.mlstatic.com/D_841309-MLA81725278492_012025-O.jpg
dfd3df36-a7ef-4471-96b2-c38e942059e5,ML-MLA1600744118,"Gorra Boina Lagomarsino Kent Vento Golf  + Caja Lagomarsino","Importado de Mercado Libre - MLA1600744118","General",Variant,"Natural / S",ML-MLA1600744118-181080273167,57998.88,1,http://http2.mlstatic.com/D_864374-MLA73454837163_122023-O.jpg
36dd8ffb-694c-40e2-a70f-e9b2e40c706b,ML-MLA1600744118,"Gorra Boina Lagomarsino Kent Vento Golf  + Caja Lagomarsino","Importado de Mercado Libre - MLA1600744118","General",Variant,"Tostado / M",ML-MLA1600744118-181080273165,57998.88,0,http://http2.mlstatic.com/D_864374-MLA73454837163_122023-O.jpg
f00f1ef2-3762-44fe-b036-493566d414ee,ML-MLA1600744118,"Gorra Boina Lagomarsino Kent Vento Golf  + Caja Lagomarsino","Importado de Mercado Libre - MLA1600744118","General",Variant,"Tostado / L",ML-MLA1600744118-181080273169,57998.88,0,http://http2.mlstatic.com/D_864374-MLA73454837163_122023-O.jpg
94960dc6-a19f-4339-a378-743f19bac465,ML-MLA1600744118,"Gorra Boina Lagomarsino Kent Vento Golf  + Caja Lagomarsino","Importado de Mercado Libre - MLA1600744118","General",Variant,"Tostado / XL",ML-MLA1600744118-181080273171,57998.88,2,http://http2.mlstatic.com/D_864374-MLA73454837163_122023-O.jpg
c9fe94bd-0057-478c-9945-929fc317b6d4,ML-MLA1600744118,"Gorra Boina Lagomarsino Kent Vento Golf  + Caja Lagomarsino","Importado de Mercado Libre - MLA1600744118","General",Variant,"Natural / M",ML-MLA1600744118-181080273173,57998.88,0,http://http2.mlstatic.com/D_864374-MLA73454837163_122023-O.jpg
0ea8e33a-e52d-41de-a714-9a27c39380b1,ML-MLA1600744118,"Gorra Boina Lagomarsino Kent Vento Golf  + Caja Lagomarsino","Importado de Mercado Libre - MLA1600744118","General",Variant,"Natural / L",ML-MLA1600744118-181080273175,57998.88,0,http://http2.mlstatic.com/D_864374-MLA73454837163_122023-O.jpg
679f6788-917a-4d7e-acab-11d16d78b2ef,ML-MLA1600744118,"Gorra Boina Lagomarsino Kent Vento Golf  + Caja Lagomarsino","Importado de Mercado Libre - MLA1600744118","General",Variant,"Natural / XL",ML-MLA1600744118-181080273177,57998.88,0,http://http2.mlstatic.com/D_864374-MLA73454837163_122023-O.jpg
7ba5a9d7-d53b-4284-b5c2-a510b7c8a408,ML-MLA1600744118,"Gorra Boina Lagomarsino Kent Vento Golf  + Caja Lagomarsino","Importado de Mercado Libre - MLA1600744118","General",Variant,"Natural / XXL",ML-MLA1600744118-186539551691,57998.88,0,http://http2.mlstatic.com/D_864374-MLA73454837163_122023-O.jpg
5f9171e2-5aa7-42f3-93d4-b91dbe6e13c7,ML-MLA1600744118,"Gorra Boina Lagomarsino Kent Vento Golf  + Caja Lagomarsino","Importado de Mercado Libre - MLA1600744118","General",Variant,"Tostado / S",ML-MLA1600744118-186538967273,57998.88,0,http://http2.mlstatic.com/D_864374-MLA73454837163_122023-O.jpg
634492a6-e701-4472-ad77-7606c27f1c54,ML-MLA1600744118,"Gorra Boina Lagomarsino Kent Vento Golf  + Caja Lagomarsino","Importado de Mercado Libre - MLA1600744118","General",Variant,"Tostado / XXL",ML-MLA1600744118-186538967275,57998.88,0,http://http2.mlstatic.com/D_864374-MLA73454837163_122023-O.jpg
4c9b59dd-8576-4d00-a50c-10c0b49b610b,ML-MLA1277670269,"Sombrero Lagomarsino Panama Derecho 2 Bollos","Importado de Mercado Libre - MLA1277670269","General",Variant,"Tostado / S",ML-MLA1277670269-176070474155,299999,1,http://http2.mlstatic.com/D_852992-MLA53385327146_012023-O.jpg
851d8906-0d23-4833-838e-bae2b0ff251f,ML-MLA1277670269,"Sombrero Lagomarsino Panama Derecho 2 Bollos","Importado de Mercado Libre - MLA1277670269","General",Variant,"Tostado / XXL",ML-MLA1277670269-176059348884,299999,0,http://http2.mlstatic.com/D_852992-MLA53385327146_012023-O.jpg
cf024430-5c77-4226-ac55-19d40e9c5f39,ML-MLA1277670269,"Sombrero Lagomarsino Panama Derecho 2 Bollos","Importado de Mercado Libre - MLA1277670269","General",Variant,"Tostado / XL",ML-MLA1277670269-179191586267,299999,0,http://http2.mlstatic.com/D_852992-MLA53385327146_012023-O.jpg
80fc4f55-2977-4d32-9b4c-6b4bd9e81f5d,ML-MLA1324515286,"Gorra Boina Lagomarsino Vento Lino","Importado de Mercado Libre - MLA1324515286","General",Variant,"Naranja / S",ML-MLA1324515286-180680956269,32999,4,http://http2.mlstatic.com/D_679363-MLA53497643778_012023-O.jpg
b4dc4eb1-0141-47b4-9414-4a8134968112,ML-MLA1324515286,"Gorra Boina Lagomarsino Vento Lino","Importado de Mercado Libre - MLA1324515286","General",Variant,"Violeta / S",ML-MLA1324515286-176426038361,32999,0,http://http2.mlstatic.com/D_679363-MLA53497643778_012023-O.jpg
6aacb029-79ef-4e66-aa36-0e70411f427d,ML-MLA1324515286,"Gorra Boina Lagomarsino Vento Lino","Importado de Mercado Libre - MLA1324515286","General",Variant,"Naranja / M",ML-MLA1324515286-176426038363,32999,0,http://http2.mlstatic.com/D_679363-MLA53497643778_012023-O.jpg
883cd62a-7728-4940-875b-b2e638f42480,ML-MLA1324515286,"Gorra Boina Lagomarsino Vento Lino","Importado de Mercado Libre - MLA1324515286","General",Variant,"Naranja / L",ML-MLA1324515286-176426038364,32999,0,http://http2.mlstatic.com/D_679363-MLA53497643778_012023-O.jpg
c2a5c12a-d531-420e-8cda-369b40976179,ML-MLA1324515286,"Gorra Boina Lagomarsino Vento Lino","Importado de Mercado Libre - MLA1324515286","General",Variant,"Naranja / XL",ML-MLA1324515286-176426038365,32999,0,http://http2.mlstatic.com/D_679363-MLA53497643778_012023-O.jpg
8b3d30ba-fc3a-40e7-bd80-9b91f8ad3985,ML-MLA1324515286,"Gorra Boina Lagomarsino Vento Lino","Importado de Mercado Libre - MLA1324515286","General",Variant,"Violeta / XXL",ML-MLA1324515286-176426038362,32999,0,http://http2.mlstatic.com/D_679363-MLA53497643778_012023-O.jpg
123ca858-275f-49c9-9214-ef4ca439d02a,ML-MLA1324515286,"Gorra Boina Lagomarsino Vento Lino","Importado de Mercado Libre - MLA1324515286","General",Variant,"Naranja / XXL",ML-MLA1324515286-180680956271,32999,0,http://http2.mlstatic.com/D_679363-MLA53497643778_012023-O.jpg
c0de0003-d636-4a73-8fa6-6ff5b2ee0b89,ML-MLA1376837251,"Cuchillo Artesanal Mission P 3 Asta De Ciervo 0126","Importado de Mercado Libre - MLA1376837251","General",Variant,"Principal",ML-MLA1376837251,51560.11,6,http://http2.mlstatic.com/D_926244-MLA70461824579_072023-O.jpg
b8568ff7-f746-462b-905d-afdc61044b2a,ML-MLA1408907486,"Cuchillo Artesanal Mission Juego Camp Grande Embutido 0810","Importado de Mercado Libre - MLA1408907486","General",Variant,"Principal",ML-MLA1408907486,66821.85,2,http://http2.mlstatic.com/D_885483-MLA69379689656_052023-O.jpg
a4aad061-718d-4d0d-8425-68067a7f3180,ML-MLA1369210353,"Cuchilla Artesanal Mission N 14 Grande 0301","Importado de Mercado Libre - MLA1369210353","General",Variant,"Principal",ML-MLA1369210353,43666.73,2,http://http2.mlstatic.com/D_707950-MLA69336679480_052023-O.jpg
803d9d52-e927-4ce3-a009-3dba14785aa3,ML-MLA1415564268,"Cuchillo Artesanal Mission Campero Grande Asta Ciervo 0803","Importado de Mercado Libre - MLA1415564268","General",Variant,"Principal",ML-MLA1415564268,50622.62,2,http://http2.mlstatic.com/D_717514-MLA69379551002_052023-O.jpg
f3977c1e-1660-4d1a-a82c-f4c12e1de526,ML-MLA1369199199,"Cuchilla Artesanal Mission N 16 Inoxidable 1001","Importado de Mercado Libre - MLA1369199199","General",Variant,"Principal",ML-MLA1369199199,46793.16,3,http://http2.mlstatic.com/D_979312-MLA69336312034_052023-O.jpg
452e4452-a17b-45f3-9bfa-bac563ade577,ML-MLA1368258495,"Cuchillo Artesanal Mission N 1 Inoxidable 103","Importado de Mercado Libre - MLA1368258495","General",Variant,"Principal",ML-MLA1368258495,27612.79,2,http://http2.mlstatic.com/D_690922-MLA54981523501_052023-O.jpg
3ea77feb-acd3-4e5f-b5f1-8d4584d1a0f6,ML-MLA1369428999,"Cuchillo Artesanal Mission Juego P 2 0043","Importado de Mercado Libre - MLA1369428999","General",Variant,"Principal",ML-MLA1369428999,43999,1,http://http2.mlstatic.com/D_767629-MLA69389747695_052023-O.jpg
e2668f02-3cd8-4f66-8daf-f03c4aa8b779,ML-MLA1415959502,"Cuchillo Artesanal Mission Juego N 23 0820","Importado de Mercado Libre - MLA1415959502","General",Variant,"Principal",ML-MLA1415959502,47079.1,1,http://http2.mlstatic.com/D_773511-MLA69389996071_052023-O.jpg
e1315e6e-d700-4fc3-92ff-4a7e07a63bc1,ML-MLA1367867603,"Cuchillo Artesanal Mission P3 Asta De Ciervo C/ Chaira 0139 ","Importado de Mercado Libre - MLA1367867603","General",Variant,"Principal",ML-MLA1367867603,76438.91,1,http://http2.mlstatic.com/D_963654-MLA69141745417_042023-O.jpg
2b89f02c-6066-48ab-bf6e-8ba0459312db,ML-MLA1619912962,"Boina Gorra Vento Lagomarsino Algodon Pima","Importado de Mercado Libre - MLA1619912962","General",Variant,"Azul oscuro / S",ML-MLA1619912962-181313642855,79999,0,http://http2.mlstatic.com/D_722878-MLA73802540927_012024-O.jpg
d62e614c-8ed3-45dd-b533-72f3d60f25c6,ML-MLA1619912962,"Boina Gorra Vento Lagomarsino Algodon Pima","Importado de Mercado Libre - MLA1619912962","General",Variant,"Azul / M",ML-MLA1619912962-181313642859,79999,0,http://http2.mlstatic.com/D_722878-MLA73802540927_012024-O.jpg
7089ddca-b5a4-4011-8a20-db9d75636f50,ML-MLA1619912962,"Boina Gorra Vento Lagomarsino Algodon Pima","Importado de Mercado Libre - MLA1619912962","General",Variant,"Azul / L",ML-MLA1619912962-181313642861,79999,0,http://http2.mlstatic.com/D_722878-MLA73802540927_012024-O.jpg
87bbc8dc-f37b-4bda-bb1e-0d4feb5e5ddc,ML-MLA1619912962,"Boina Gorra Vento Lagomarsino Algodon Pima","Importado de Mercado Libre - MLA1619912962","General",Variant,"Azul / XL",ML-MLA1619912962-181313642863,79999,0,http://http2.mlstatic.com/D_722878-MLA73802540927_012024-O.jpg
f4f5ea18-b58c-4c5a-b9c0-f9b48a2a2291,ML-MLA1619912962,"Boina Gorra Vento Lagomarsino Algodon Pima","Importado de Mercado Libre - MLA1619912962","General",Variant,"Beige / M",ML-MLA1619912962-181313642865,79999,0,http://http2.mlstatic.com/D_722878-MLA73802540927_012024-O.jpg
8ff2239d-9a8e-4947-802c-6b35d68ac4d1,ML-MLA1619912962,"Boina Gorra Vento Lagomarsino Algodon Pima","Importado de Mercado Libre - MLA1619912962","General",Variant,"Beige / L",ML-MLA1619912962-181313642867,79999,0,http://http2.mlstatic.com/D_722878-MLA73802540927_012024-O.jpg
fa6165c6-dfbb-4d45-bd82-ca6e4cf8f506,ML-MLA1619912962,"Boina Gorra Vento Lagomarsino Algodon Pima","Importado de Mercado Libre - MLA1619912962","General",Variant,"Beige / S",ML-MLA1619912962-181313642857,79999,0,http://http2.mlstatic.com/D_722878-MLA73802540927_012024-O.jpg
45818201-380f-44c2-9fa3-c004e32bbee8,ML-MLA1619912962,"Boina Gorra Vento Lagomarsino Algodon Pima","Importado de Mercado Libre - MLA1619912962","General",Variant,"Beige / XXL",ML-MLA1619912962-181313642871,79999,0,http://http2.mlstatic.com/D_722878-MLA73802540927_012024-O.jpg
4efa71f1-c3a8-4161-b844-580b5a283235,ML-MLA1619912962,"Boina Gorra Vento Lagomarsino Algodon Pima","Importado de Mercado Libre - MLA1619912962","General",Variant,"Azul oscuro / XXL",ML-MLA1619912962-181313642873,79999,0,http://http2.mlstatic.com/D_722878-MLA73802540927_012024-O.jpg
8698d109-7e83-4002-86ba-3048c22d25d8,ML-MLA1619912962,"Boina Gorra Vento Lagomarsino Algodon Pima","Importado de Mercado Libre - MLA1619912962","General",Variant,"Beige / XL",ML-MLA1619912962-181313642869,79999,0,http://http2.mlstatic.com/D_722878-MLA73802540927_012024-O.jpg
e4462e8b-1841-4412-b693-e27864e72740,ML-MLA1397108045,"Boina Lagomarsino Ro Hilo Vuelo 31 Talle Unico","Importado de Mercado Libre - MLA1397108045","General",Variant,"Blanco / Único",ML-MLA1397108045-180822230659,39999,1,http://http2.mlstatic.com/D_633447-MLA73104147473_112023-O.jpg
3e8c89a1-0bb0-4824-814f-d5ad85c0ea32,ML-MLA1397108045,"Boina Lagomarsino Ro Hilo Vuelo 31 Talle Unico","Importado de Mercado Libre - MLA1397108045","General",Variant,"Verde musgo / Único",ML-MLA1397108045-180822230661,39999,3,http://http2.mlstatic.com/D_633447-MLA73104147473_112023-O.jpg
4cd6e413-0d4d-4759-a9f4-be3103e110d1,ML-MLA1397108045,"Boina Lagomarsino Ro Hilo Vuelo 31 Talle Unico","Importado de Mercado Libre - MLA1397108045","General",Variant,"Bordó / Único",ML-MLA1397108045-180822230657,39999,3,http://http2.mlstatic.com/D_633447-MLA73104147473_112023-O.jpg
e6b0fc7e-54bd-4c5d-92a7-6ad542022215,ML-MLA1407130920,"Cuchillo Artesanal Mission Verijero 0130","Importado de Mercado Libre - MLA1407130920","General",Variant,"Principal",ML-MLA1407130920,23403.57,0,http://http2.mlstatic.com/D_621907-MLA69152191240_042023-O.jpg
9ce93fce-fcd5-48b7-b681-804d62d17e1c,ML-MLA1366827867,"Cuchillo Asta De Ciervo Mission Juego C/tenedor 0856a","Importado de Mercado Libre - MLA1366827867","General",Variant,"Principal",ML-MLA1366827867,99726.62,4,http://http2.mlstatic.com/D_957140-MLA54965889717_042023-O.jpg
dd208ec1-1fc0-43ef-9c54-e85a5d9854cb,ML-MLA1409175798,"Cuchillo Artesanal Mission Pablo Grande Embutido 0223","Importado de Mercado Libre - MLA1409175798","General",Variant,"Principal",ML-MLA1409175798,57203.61,2,http://http2.mlstatic.com/D_855559-MLA69379471680_052023-O.jpg
a2feff83-648d-4e0a-9ffa-37556efd1ccd,ML-MLA1409175444,"Cuchillo Artesanal Mission Juego Camp Triple C/ Chaira 0812","Importado de Mercado Libre - MLA1409175444","General",Variant,"Principal",ML-MLA1409175444,82753.55,1,http://http2.mlstatic.com/D_857936-MLA69379471882_052023-O.jpg
5f218ca2-9e8b-4c54-9fc9-cd09388ac036,ML-MLA1406637486,"Cuchillo Artesanal Mission P2 Embutido 0124","Importado de Mercado Libre - MLA1406637486","General",Variant,"Principal",ML-MLA1406637486,31386.05,2,http://http2.mlstatic.com/D_873670-MLA54982232928_042023-O.jpg
95ca00e2-7ad3-4730-8a65-68e85bf6d79e,ML-MLA1408947094,"Cuchilla Artesanal Mission N16 C/ Chaira 0850","Importado de Mercado Libre - MLA1408947094","General",Variant,"Principal",ML-MLA1408947094,52755.32,2,http://http2.mlstatic.com/D_856213-MLA93959405055_102025-O.jpg
2ee309b7-8943-4ee3-9c8d-fdfdc04ae6e8,ML-MLA1425492066,"Delantal De Cuero 100% Vacuno Mission Unisex","Importado de Mercado Libre - MLA1425492066","General",Variant,"Marron liso",ML-MLA1425492066-180531926979,94172.86,2,http://http2.mlstatic.com/D_628859-MLA69687243357_052023-O.jpg
dfb9c6a7-f4ac-405d-b6c8-fe37f6967430,ML-MLA1425492066,"Delantal De Cuero 100% Vacuno Mission Unisex","Importado de Mercado Libre - MLA1425492066","General",Variant,"Marrón",ML-MLA1425492066-178433023223,94172.86,0,http://http2.mlstatic.com/D_628859-MLA69687243357_052023-O.jpg
927201b7-48bc-4e4a-a1c4-c8a63b586f34,ML-MLA1425621690,"Faldon De Cuero 100% Vacuno Mission Unisex","Importado de Mercado Libre - MLA1425621690","General",Variant,"Marron liso",ML-MLA1425621690-180533275813,91726.78,2,http://http2.mlstatic.com/D_943528-MLA69672614810_052023-O.jpg
75c05cbe-5089-45cc-84f4-de79ccb95fe1,ML-MLA1425621690,"Faldon De Cuero 100% Vacuno Mission Unisex","Importado de Mercado Libre - MLA1425621690","General",Variant,"Marrón",ML-MLA1425621690-177832999372,91726.78,0,http://http2.mlstatic.com/D_943528-MLA69672614810_052023-O.jpg
4f6cc693-53dc-46d1-89d1-ada2fff4230b,ML-MLA1433401450,"Delantal De Jean Y Cuero 100% Vacuno Mission Unisex","Importado de Mercado Libre - MLA1433401450","General",Variant,"Azul / -",ML-MLA1433401450-178661906263,62373.82,2,http://http2.mlstatic.com/D_999155-MLA69981816575_062023-O.jpg
cf01f5bf-d6ce-4d7e-91a6-79e497b5d443,ML-MLA1128650156,"Sombrero Australiano Algodon Ventilado Lagomarsino Original","Importado de Mercado Libre - MLA1128650156","General",Variant,"Tostado / L",ML-MLA1128650156-175816696385,68598.88,6,http://http2.mlstatic.com/D_950926-MLA52404977527_112022-O.jpg
3424ad51-7eae-437e-a4cf-d0ee5a542496,ML-MLA1128650156,"Sombrero Australiano Algodon Ventilado Lagomarsino Original","Importado de Mercado Libre - MLA1128650156","General",Variant,"Natural / XS",ML-MLA1128650156-184954577661,68598.88,2,http://http2.mlstatic.com/D_950926-MLA52404977527_112022-O.jpg
b65657f4-4c2f-40c2-b495-d3004f94590d,ML-MLA1128650156,"Sombrero Australiano Algodon Ventilado Lagomarsino Original","Importado de Mercado Libre - MLA1128650156","General",Variant,"Tostado / M",ML-MLA1128650156-175816696384,68598.88,4,http://http2.mlstatic.com/D_950926-MLA52404977527_112022-O.jpg
a8e6aef6-f15d-4042-b6c7-3683852182de,ML-MLA1128650156,"Sombrero Australiano Algodon Ventilado Lagomarsino Original","Importado de Mercado Libre - MLA1128650156","General",Variant,"Natural / S",ML-MLA1128650156-175816696379,68598.88,1,http://http2.mlstatic.com/D_950926-MLA52404977527_112022-O.jpg
e2efaf74-b4ef-4557-9c34-9527f6fa211a,ML-MLA1128650156,"Sombrero Australiano Algodon Ventilado Lagomarsino Original","Importado de Mercado Libre - MLA1128650156","General",Variant,"Natural / M",ML-MLA1128650156-175816696380,68598.88,2,http://http2.mlstatic.com/D_950926-MLA52404977527_112022-O.jpg
e7ed3adc-217e-4f63-b200-72c3c9bfad4f,ML-MLA1128650156,"Sombrero Australiano Algodon Ventilado Lagomarsino Original","Importado de Mercado Libre - MLA1128650156","General",Variant,"Tostado / S",ML-MLA1128650156-175816696383,68598.88,2,http://http2.mlstatic.com/D_950926-MLA52404977527_112022-O.jpg
89fdcf1f-3772-4240-8566-bc52dd58b7de,ML-MLA1128650156,"Sombrero Australiano Algodon Ventilado Lagomarsino Original","Importado de Mercado Libre - MLA1128650156","General",Variant,"Natural / L",ML-MLA1128650156-175816696381,68598.88,2,http://http2.mlstatic.com/D_950926-MLA52404977527_112022-O.jpg
1d1bc3ba-784c-498c-aa6c-324130cf3709,ML-MLA1128650156,"Sombrero Australiano Algodon Ventilado Lagomarsino Original","Importado de Mercado Libre - MLA1128650156","General",Variant,"Natural / XL",ML-MLA1128650156-175816696382,68598.88,1,http://http2.mlstatic.com/D_950926-MLA52404977527_112022-O.jpg
1a3e76fd-7336-4a03-b142-d4284270d9db,ML-MLA1128650156,"Sombrero Australiano Algodon Ventilado Lagomarsino Original","Importado de Mercado Libre - MLA1128650156","General",Variant,"Tostado / XL",ML-MLA1128650156-175816696386,68598.88,1,http://http2.mlstatic.com/D_950926-MLA52404977527_112022-O.jpg
a623e707-77ea-4a2c-97dc-8143a97c3584,ML-MLA1128650156,"Sombrero Australiano Algodon Ventilado Lagomarsino Original","Importado de Mercado Libre - MLA1128650156","General",Variant,"Tostado / XXL",ML-MLA1128650156-175995789030,68598.88,1,http://http2.mlstatic.com/D_950926-MLA52404977527_112022-O.jpg
b9436340-c927-4d99-b061-24846b9fd1ff,ML-MLA1128650156,"Sombrero Australiano Algodon Ventilado Lagomarsino Original","Importado de Mercado Libre - MLA1128650156","General",Variant,"Natural / XXL",ML-MLA1128650156-178941557555,68598.88,0,http://http2.mlstatic.com/D_950926-MLA52404977527_112022-O.jpg
43b16894-a64c-477b-bf66-950c0c2f005e,ML-MLA1128650156,"Sombrero Australiano Algodon Ventilado Lagomarsino Original","Importado de Mercado Libre - MLA1128650156","General",Variant,"Tostado / XS",ML-MLA1128650156-180701759801,68598.88,2,http://http2.mlstatic.com/D_950926-MLA52404977527_112022-O.jpg
6a1dda34-a0e5-4499-b901-c1086d6729df,ML-MLA1364448783,"Gorra Vento Lagomarsino Paño De Lana - Original","Importado de Mercado Libre - MLA1364448783","General",Variant,"Bordó / M",ML-MLA1364448783-177282338334,59999,1,http://http2.mlstatic.com/D_862688-MLA54779219875_032023-O.jpg
e3858375-e44b-4c32-90d9-f57a3dcb59ee,ML-MLA1364448783,"Gorra Vento Lagomarsino Paño De Lana - Original","Importado de Mercado Libre - MLA1364448783","General",Variant,"Beige / M",ML-MLA1364448783-177282338344,59999,0,http://http2.mlstatic.com/D_862688-MLA54779219875_032023-O.jpg
15ac566a-9833-40ff-95ea-fd9118e562cf,ML-MLA1364448783,"Gorra Vento Lagomarsino Paño De Lana - Original","Importado de Mercado Libre - MLA1364448783","General",Variant,"Bordó / L",ML-MLA1364448783-177282338336,59999,0,http://http2.mlstatic.com/D_862688-MLA54779219875_032023-O.jpg
738cb66a-6405-4f6e-877e-1a0bde37a77a,ML-MLA1364448783,"Gorra Vento Lagomarsino Paño De Lana - Original","Importado de Mercado Libre - MLA1364448783","General",Variant,"Bordó / XL",ML-MLA1364448783-177282338338,59999,0,http://http2.mlstatic.com/D_862688-MLA54779219875_032023-O.jpg
9e35aa03-f08f-4703-bff9-32947c15c314,ML-MLA1364448783,"Gorra Vento Lagomarsino Paño De Lana - Original","Importado de Mercado Libre - MLA1364448783","General",Variant,"Bordó / XXL",ML-MLA1364448783-177282338340,59999,0,http://http2.mlstatic.com/D_862688-MLA54779219875_032023-O.jpg
36c8bc31-c920-4b59-a7d2-6d5899215ca2,ML-MLA1364448783,"Gorra Vento Lagomarsino Paño De Lana - Original","Importado de Mercado Libre - MLA1364448783","General",Variant,"Negro / L",ML-MLA1364448783-177282338342,59999,0,http://http2.mlstatic.com/D_862688-MLA54779219875_032023-O.jpg
ea4bf7f1-9d66-4b91-99fa-353b583684de,ML-MLA1364448783,"Gorra Vento Lagomarsino Paño De Lana - Original","Importado de Mercado Libre - MLA1364448783","General",Variant,"Bordó / S",ML-MLA1364448783-177282338330,59999,0,http://http2.mlstatic.com/D_862688-MLA54779219875_032023-O.jpg
e660e998-b005-4683-90ee-d5a0fc006191,ML-MLA1364448783,"Gorra Vento Lagomarsino Paño De Lana - Original","Importado de Mercado Libre - MLA1364448783","General",Variant,"Beige / L",ML-MLA1364448783-177282338346,59999,3,http://http2.mlstatic.com/D_862688-MLA54779219875_032023-O.jpg
ff2ce659-7289-4b94-bab2-ce15de0d6aca,ML-MLA1364448783,"Gorra Vento Lagomarsino Paño De Lana - Original","Importado de Mercado Libre - MLA1364448783","General",Variant,"Beige / XL",ML-MLA1364448783-177282338348,59999,0,http://http2.mlstatic.com/D_862688-MLA54779219875_032023-O.jpg
0a8f2d00-4532-427a-8597-aa6bace23010,ML-MLA1364448783,"Gorra Vento Lagomarsino Paño De Lana - Original","Importado de Mercado Libre - MLA1364448783","General",Variant,"Marrón / XL",ML-MLA1364448783-177282338350,59999,3,http://http2.mlstatic.com/D_862688-MLA54779219875_032023-O.jpg
e2385fed-8944-48c6-9c16-b1f87f409e74,ML-MLA1364448783,"Gorra Vento Lagomarsino Paño De Lana - Original","Importado de Mercado Libre - MLA1364448783","General",Variant,"Azul / M",ML-MLA1364448783-177282338352,59999,0,http://http2.mlstatic.com/D_862688-MLA54779219875_032023-O.jpg
99efd73a-fedf-4fad-874c-4242037ace91,ML-MLA1364448783,"Gorra Vento Lagomarsino Paño De Lana - Original","Importado de Mercado Libre - MLA1364448783","General",Variant,"Azul / L",ML-MLA1364448783-177282338354,59999,0,http://http2.mlstatic.com/D_862688-MLA54779219875_032023-O.jpg
3cc733c5-01ad-4e17-a28d-ec057088b0e6,ML-MLA1364448783,"Gorra Vento Lagomarsino Paño De Lana - Original","Importado de Mercado Libre - MLA1364448783","General",Variant,"Azul / XXL",ML-MLA1364448783-177282338356,59999,1,http://http2.mlstatic.com/D_862688-MLA54779219875_032023-O.jpg
1f9906c9-cf2a-4052-b7be-9e9d6af6d62a,ML-MLA1364448783,"Gorra Vento Lagomarsino Paño De Lana - Original","Importado de Mercado Libre - MLA1364448783","General",Variant,"Azul / S",ML-MLA1364448783-178600854299,59999,1,http://http2.mlstatic.com/D_862688-MLA54779219875_032023-O.jpg
bc9c9d55-8947-4b23-877a-ec10d7d12ca0,ML-MLA1364448783,"Gorra Vento Lagomarsino Paño De Lana - Original","Importado de Mercado Libre - MLA1364448783","General",Variant,"Azul / XL",ML-MLA1364448783-178600854301,59999,0,http://http2.mlstatic.com/D_862688-MLA54779219875_032023-O.jpg
7eb94b06-2bf6-44f3-957c-7769872350d1,ML-MLA1364448783,"Gorra Vento Lagomarsino Paño De Lana - Original","Importado de Mercado Libre - MLA1364448783","General",Variant,"Beige / S",ML-MLA1364448783-178600438497,59999,1,http://http2.mlstatic.com/D_862688-MLA54779219875_032023-O.jpg
e91e2710-3a46-4179-a050-e42690d622af,ML-MLA1364448783,"Gorra Vento Lagomarsino Paño De Lana - Original","Importado de Mercado Libre - MLA1364448783","General",Variant,"Beige / XXL",ML-MLA1364448783-178600438499,59999,1,http://http2.mlstatic.com/D_862688-MLA54779219875_032023-O.jpg
c0086373-b6a4-453a-9bf5-0454c020bc95,ML-MLA1364448783,"Gorra Vento Lagomarsino Paño De Lana - Original","Importado de Mercado Libre - MLA1364448783","General",Variant,"Gris oscuro / XXL",ML-MLA1364448783-178659029197,59999,0,http://http2.mlstatic.com/D_862688-MLA54779219875_032023-O.jpg
e635ff0c-9e78-41b1-9bd3-dfc581ce9f5f,ML-MLA1364448783,"Gorra Vento Lagomarsino Paño De Lana - Original","Importado de Mercado Libre - MLA1364448783","General",Variant,"Gris oscuro / XL",ML-MLA1364448783-178659029199,59999,0,http://http2.mlstatic.com/D_862688-MLA54779219875_032023-O.jpg
65f960ac-3d20-4097-8877-c0084c829567,ML-MLA1364448783,"Gorra Vento Lagomarsino Paño De Lana - Original","Importado de Mercado Libre - MLA1364448783","General",Variant,"Gris oscuro / L",ML-MLA1364448783-178659029201,59999,0,http://http2.mlstatic.com/D_862688-MLA54779219875_032023-O.jpg
9219a7d7-072f-48cb-9716-ce5aa9945ea3,ML-MLA1364448783,"Gorra Vento Lagomarsino Paño De Lana - Original","Importado de Mercado Libre - MLA1364448783","General",Variant,"Gris oscuro / M",ML-MLA1364448783-178659029203,59999,0,http://http2.mlstatic.com/D_862688-MLA54779219875_032023-O.jpg
20f2e2e3-e4d7-4e25-8291-dfd1b39c00b8,ML-MLA1364448783,"Gorra Vento Lagomarsino Paño De Lana - Original","Importado de Mercado Libre - MLA1364448783","General",Variant,"Gris oscuro / S",ML-MLA1364448783-178659029205,59999,0,http://http2.mlstatic.com/D_862688-MLA54779219875_032023-O.jpg
95b9ceeb-8cee-4064-9072-0494df6eebf4,ML-MLA1364448783,"Gorra Vento Lagomarsino Paño De Lana - Original","Importado de Mercado Libre - MLA1364448783","General",Variant,"Negro / S",ML-MLA1364448783-178941557165,59999,0,http://http2.mlstatic.com/D_862688-MLA54779219875_032023-O.jpg
b361e55d-05ca-43c4-b022-6c4ef1a0e6f9,ML-MLA1364448783,"Gorra Vento Lagomarsino Paño De Lana - Original","Importado de Mercado Libre - MLA1364448783","General",Variant,"Negro / M",ML-MLA1364448783-178941557167,59999,0,http://http2.mlstatic.com/D_862688-MLA54779219875_032023-O.jpg
468ce738-b2a3-4167-b1fc-127347af908b,ML-MLA1364448783,"Gorra Vento Lagomarsino Paño De Lana - Original","Importado de Mercado Libre - MLA1364448783","General",Variant,"Negro / XL",ML-MLA1364448783-178941557169,59999,0,http://http2.mlstatic.com/D_862688-MLA54779219875_032023-O.jpg
6f0a12ce-754b-4553-a265-11391d515ec6,ML-MLA1364448783,"Gorra Vento Lagomarsino Paño De Lana - Original","Importado de Mercado Libre - MLA1364448783","General",Variant,"Negro / XXL",ML-MLA1364448783-178941557171,59999,0,http://http2.mlstatic.com/D_862688-MLA54779219875_032023-O.jpg
051861e4-fc9a-4872-987c-275a3ffc7d7c,ML-MLA1364448783,"Gorra Vento Lagomarsino Paño De Lana - Original","Importado de Mercado Libre - MLA1364448783","General",Variant,"Marrón / S",ML-MLA1364448783-178939790471,59999,1,http://http2.mlstatic.com/D_862688-MLA54779219875_032023-O.jpg
081a6947-69b2-4e8c-b43a-78414b5c34d4,ML-MLA1364448783,"Gorra Vento Lagomarsino Paño De Lana - Original","Importado de Mercado Libre - MLA1364448783","General",Variant,"Marrón / M",ML-MLA1364448783-178939790473,59999,0,http://http2.mlstatic.com/D_862688-MLA54779219875_032023-O.jpg
76491de6-8fc6-4781-8e24-4aa65e8b49d6,ML-MLA1364448783,"Gorra Vento Lagomarsino Paño De Lana - Original","Importado de Mercado Libre - MLA1364448783","General",Variant,"Marrón / L",ML-MLA1364448783-178939790475,59999,0,http://http2.mlstatic.com/D_862688-MLA54779219875_032023-O.jpg
052198d0-b9e6-41c8-af45-e2d22e6a9431,ML-MLA1364448783,"Gorra Vento Lagomarsino Paño De Lana - Original","Importado de Mercado Libre - MLA1364448783","General",Variant,"Marrón / XXL",ML-MLA1364448783-178939790477,59999,1,http://http2.mlstatic.com/D_862688-MLA54779219875_032023-O.jpg
0a0f8295-10a5-4dfd-b34c-a600e4e21f04,ML-MLA1364448783,"Gorra Vento Lagomarsino Paño De Lana - Original","Importado de Mercado Libre - MLA1364448783","General",Variant,"Verde / S",ML-MLA1364448783-178978465679,59999,1,http://http2.mlstatic.com/D_862688-MLA54779219875_032023-O.jpg
2d9f484b-c890-40b5-9c0e-bd5e41058a2b,ML-MLA1364448783,"Gorra Vento Lagomarsino Paño De Lana - Original","Importado de Mercado Libre - MLA1364448783","General",Variant,"Verde / M",ML-MLA1364448783-178978465681,59999,1,http://http2.mlstatic.com/D_862688-MLA54779219875_032023-O.jpg
5556c677-4f2e-4b13-a2cd-ab65c625bbc3,ML-MLA1364448783,"Gorra Vento Lagomarsino Paño De Lana - Original","Importado de Mercado Libre - MLA1364448783","General",Variant,"Verde / L",ML-MLA1364448783-178978465683,59999,0,http://http2.mlstatic.com/D_862688-MLA54779219875_032023-O.jpg
7772f3b2-bb76-4cbf-ac82-100ccbbb5346,ML-MLA1364448783,"Gorra Vento Lagomarsino Paño De Lana - Original","Importado de Mercado Libre - MLA1364448783","General",Variant,"Verde / XL",ML-MLA1364448783-178978465685,59999,0,http://http2.mlstatic.com/D_862688-MLA54779219875_032023-O.jpg
3e46d7b3-f681-405b-be81-c9d38e250d91,ML-MLA1364448783,"Gorra Vento Lagomarsino Paño De Lana - Original","Importado de Mercado Libre - MLA1364448783","General",Variant,"Verde / XXL",ML-MLA1364448783-178978465687,59999,2,http://http2.mlstatic.com/D_862688-MLA54779219875_032023-O.jpg
e4da2e75-a9f0-4e53-b671-cf7ecabda015,ML-MLA1238890029,"Gorra Boina Lagomarsino Tela Camisera Algodon 100%","Importado de Mercado Libre - MLA1238890029","General",Variant,"Celeste c/rayas / M",ML-MLA1238890029-175761226725,43598.88,1,http://http2.mlstatic.com/D_767052-MLA52405198492_112022-O.jpg
1741003b-dc18-4c27-9dd5-48bfdff7dfda,ML-MLA1238890029,"Gorra Boina Lagomarsino Tela Camisera Algodon 100%","Importado de Mercado Libre - MLA1238890029","General",Variant,"Blanco / XL",ML-MLA1238890029-175761226723,43598.88,0,http://http2.mlstatic.com/D_767052-MLA52405198492_112022-O.jpg
fd0b9900-0ee2-4919-91bb-ca2e849464e1,ML-MLA1238890029,"Gorra Boina Lagomarsino Tela Camisera Algodon 100%","Importado de Mercado Libre - MLA1238890029","General",Variant,"Azul cuadrille / M",ML-MLA1238890029-175761226726,43598.88,0,http://http2.mlstatic.com/D_767052-MLA52405198492_112022-O.jpg
c94a476d-5fa6-4ff8-805a-fa6aae46dd32,ML-MLA1238890029,"Gorra Boina Lagomarsino Tela Camisera Algodon 100%","Importado de Mercado Libre - MLA1238890029","General",Variant,"Beige cuadrille / L",ML-MLA1238890029-175761226727,43598.88,0,http://http2.mlstatic.com/D_767052-MLA52405198492_112022-O.jpg
6c0fdce0-cd1f-41fa-a320-107d321e310d,ML-MLA1238890029,"Gorra Boina Lagomarsino Tela Camisera Algodon 100%","Importado de Mercado Libre - MLA1238890029","General",Variant,"Azul cuadrille / L",ML-MLA1238890029-179270407915,43598.88,0,http://http2.mlstatic.com/D_767052-MLA52405198492_112022-O.jpg
81c72971-af9c-4772-8a38-ddd1f9724a82,ML-MLA1238890029,"Gorra Boina Lagomarsino Tela Camisera Algodon 100%","Importado de Mercado Libre - MLA1238890029","General",Variant,"Blanco / M",ML-MLA1238890029-179669433429,43598.88,0,http://http2.mlstatic.com/D_767052-MLA52405198492_112022-O.jpg
bca2fe10-a2f4-4e13-83f2-791d7e21603c,ML-MLA1238890029,"Gorra Boina Lagomarsino Tela Camisera Algodon 100%","Importado de Mercado Libre - MLA1238890029","General",Variant,"Celeste c/rayas / L",ML-MLA1238890029-179832095559,43598.88,0,http://http2.mlstatic.com/D_767052-MLA52405198492_112022-O.jpg
4f7fe1eb-a649-49e7-8be1-016ef36cfa7f,ML-MLA1238890029,"Gorra Boina Lagomarsino Tela Camisera Algodon 100%","Importado de Mercado Libre - MLA1238890029","General",Variant,"Celeste c/rayas / XL",ML-MLA1238890029-179831368625,43598.88,0,http://http2.mlstatic.com/D_767052-MLA52405198492_112022-O.jpg
bffdb730-9824-4f67-b4cd-aa8fba32ad27,ML-MLA1238890029,"Gorra Boina Lagomarsino Tela Camisera Algodon 100%","Importado de Mercado Libre - MLA1238890029","General",Variant,"Beige c/rayas / XL",ML-MLA1238890029-175761226724,43598.88,0,http://http2.mlstatic.com/D_767052-MLA52405198492_112022-O.jpg
88ff112d-1b4b-4d0b-9d78-56a2d080988b,ML-MLA1811516756,"Sombrero Lagomarsino Pampa Fieltro Ala 8","Importado de Mercado Libre - MLA1811516756","General",Variant,"Marrón / M",ML-MLA1811516756-183181760299,279999,0,http://http2.mlstatic.com/D_784440-MLA88199385639_072025-O.jpg
58b8888e-ab11-478d-bafd-73235acd1fd0,ML-MLA1811516756,"Sombrero Lagomarsino Pampa Fieltro Ala 8","Importado de Mercado Libre - MLA1811516756","General",Variant,"Marrón / XL",ML-MLA1811516756-183181760303,279999,2,http://http2.mlstatic.com/D_784440-MLA88199385639_072025-O.jpg
7b6e84c0-e181-43ba-b901-65499a4e4fcd,ML-MLA1811516756,"Sombrero Lagomarsino Pampa Fieltro Ala 8","Importado de Mercado Libre - MLA1811516756","General",Variant,"Negro / M",ML-MLA1811516756-183181760307,279999,0,http://http2.mlstatic.com/D_784440-MLA88199385639_072025-O.jpg
d4639ca1-2c8b-497f-976b-9ed29b6572f4,ML-MLA1811516756,"Sombrero Lagomarsino Pampa Fieltro Ala 8","Importado de Mercado Libre - MLA1811516756","General",Variant,"Negro / S",ML-MLA1811516756-183181760297,279999,0,http://http2.mlstatic.com/D_784440-MLA88199385639_072025-O.jpg
995cdd3c-b433-4910-ab64-9b46aeb3e1b7,ML-MLA1811516756,"Sombrero Lagomarsino Pampa Fieltro Ala 8","Importado de Mercado Libre - MLA1811516756","General",Variant,"Negro / L",ML-MLA1811516756-183181760309,279999,0,http://http2.mlstatic.com/D_784440-MLA88199385639_072025-O.jpg
4056572a-4adb-460f-9006-ca83c06bc3a0,ML-MLA1811516756,"Sombrero Lagomarsino Pampa Fieltro Ala 8","Importado de Mercado Libre - MLA1811516756","General",Variant,"Marrón / L",ML-MLA1811516756-183181760301,279999,0,http://http2.mlstatic.com/D_784440-MLA88199385639_072025-O.jpg
4c05f7f2-799f-4594-ad0d-ab0b648a1f89,ML-MLA1811516756,"Sombrero Lagomarsino Pampa Fieltro Ala 8","Importado de Mercado Libre - MLA1811516756","General",Variant,"Marrón / S",ML-MLA1811516756-183181760295,279999,0,http://http2.mlstatic.com/D_784440-MLA88199385639_072025-O.jpg
ccd16ae9-5eec-418d-88c4-a862a941972d,ML-MLA1811516756,"Sombrero Lagomarsino Pampa Fieltro Ala 8","Importado de Mercado Libre - MLA1811516756","General",Variant,"Marrón / XXL",ML-MLA1811516756-183181760305,279999,1,http://http2.mlstatic.com/D_784440-MLA88199385639_072025-O.jpg
2f6df989-7894-4e19-b359-f549313704b8,ML-MLA1811516756,"Sombrero Lagomarsino Pampa Fieltro Ala 8","Importado de Mercado Libre - MLA1811516756","General",Variant,"Negro / XL",ML-MLA1811516756-183181760311,279999,0,http://http2.mlstatic.com/D_784440-MLA88199385639_072025-O.jpg
ccd15830-1430-40a4-8510-c73fd90ef525,ML-MLA1811516756,"Sombrero Lagomarsino Pampa Fieltro Ala 8","Importado de Mercado Libre - MLA1811516756","General",Variant,"Negro / XXL",ML-MLA1811516756-183181760313,279999,0,http://http2.mlstatic.com/D_784440-MLA88199385639_072025-O.jpg
f4e3a8ef-bd56-4da1-b702-98dd83c7f376,ML-MLA1811516756,"Sombrero Lagomarsino Pampa Fieltro Ala 8","Importado de Mercado Libre - MLA1811516756","General",Variant,"Negro / XS",ML-MLA1811516756-188827861125,279999,0,http://http2.mlstatic.com/D_784440-MLA88199385639_072025-O.jpg
1c92d5d5-c803-4b42-bf6d-3b844fd85eb9,ML-MLA1811516756,"Sombrero Lagomarsino Pampa Fieltro Ala 8","Importado de Mercado Libre - MLA1811516756","General",Variant,"Arena / S",ML-MLA1811516756-188828173363,279999,0,http://http2.mlstatic.com/D_784440-MLA88199385639_072025-O.jpg
7d39ccf4-ea82-4332-b22c-b468c11f7069,ML-MLA1811516756,"Sombrero Lagomarsino Pampa Fieltro Ala 8","Importado de Mercado Libre - MLA1811516756","General",Variant,"Arena / M",ML-MLA1811516756-188828173365,279999,0,http://http2.mlstatic.com/D_784440-MLA88199385639_072025-O.jpg
e36248e5-5569-49fc-9e52-0b38535704b9,ML-MLA1811516756,"Sombrero Lagomarsino Pampa Fieltro Ala 8","Importado de Mercado Libre - MLA1811516756","General",Variant,"Arena / L",ML-MLA1811516756-188828173367,279999,0,http://http2.mlstatic.com/D_784440-MLA88199385639_072025-O.jpg
19c5273d-3572-47e7-be45-cb7b7c4a18ae,ML-MLA1811516756,"Sombrero Lagomarsino Pampa Fieltro Ala 8","Importado de Mercado Libre - MLA1811516756","General",Variant,"Arena / XL",ML-MLA1811516756-188828173369,279999,0,http://http2.mlstatic.com/D_784440-MLA88199385639_072025-O.jpg
ee1cf974-83ab-434a-b95a-1362b4afe097,ML-MLA1811516756,"Sombrero Lagomarsino Pampa Fieltro Ala 8","Importado de Mercado Libre - MLA1811516756","General",Variant,"Marrón / XS",ML-MLA1811516756-190045441573,279999,0,http://http2.mlstatic.com/D_784440-MLA88199385639_072025-O.jpg
faf52557-ed98-416f-8492-9dbac2b5f26e,ML-MLA1277656631,"Sombrero Lagomarsino, Pampa Panama Ala 8","Importado de Mercado Libre - MLA1277656631","General",Variant,"Tostado / L",ML-MLA1277656631-176069477093,349999,0,http://http2.mlstatic.com/D_625375-MLA53264887222_012023-O.jpg
bdda6de7-f310-4fab-b914-700efd65fa1a,ML-MLA1277656631,"Sombrero Lagomarsino, Pampa Panama Ala 8","Importado de Mercado Libre - MLA1277656631","General",Variant,"Natural / S",ML-MLA1277656631-192170229125,349999,2,http://http2.mlstatic.com/D_625375-MLA53264887222_012023-O.jpg
d3d8e0c5-7943-4ded-b42e-e7b110c79fba,ML-MLA1277656631,"Sombrero Lagomarsino, Pampa Panama Ala 8","Importado de Mercado Libre - MLA1277656631","General",Variant,"Natural / XS",ML-MLA1277656631-176341198693,349999,0,http://http2.mlstatic.com/D_625375-MLA53264887222_012023-O.jpg
3e244342-6b4d-49f1-a4d6-9423591c1db9,ML-MLA1277656631,"Sombrero Lagomarsino, Pampa Panama Ala 8","Importado de Mercado Libre - MLA1277656631","General",Variant,"Natural / M",ML-MLA1277656631-192170229127,349999,2,http://http2.mlstatic.com/D_625375-MLA53264887222_012023-O.jpg
3f63829c-16b8-497a-9ef9-ee3720e5e25d,ML-MLA1277656631,"Sombrero Lagomarsino, Pampa Panama Ala 8","Importado de Mercado Libre - MLA1277656631","General",Variant,"Natural / XL",ML-MLA1277656631-192170229131,349999,2,http://http2.mlstatic.com/D_625375-MLA53264887222_012023-O.jpg
0dc7c101-9f72-487e-9d97-ebe594f11b61,ML-MLA1277656631,"Sombrero Lagomarsino, Pampa Panama Ala 8","Importado de Mercado Libre - MLA1277656631","General",Variant,"Natural / XXL",ML-MLA1277656631-192170229133,349999,1,http://http2.mlstatic.com/D_625375-MLA53264887222_012023-O.jpg
ff701006-7d4b-444a-89c4-2ba270bd905f,ML-MLA1277656631,"Sombrero Lagomarsino, Pampa Panama Ala 8","Importado de Mercado Libre - MLA1277656631","General",Variant,"Tostado / S",ML-MLA1277656631-192170229135,349999,3,http://http2.mlstatic.com/D_625375-MLA53264887222_012023-O.jpg
e144c599-29af-404e-a846-2fad6fe4935d,ML-MLA1277656631,"Sombrero Lagomarsino, Pampa Panama Ala 8","Importado de Mercado Libre - MLA1277656631","General",Variant,"Tostado / M",ML-MLA1277656631-192170229137,349999,0,http://http2.mlstatic.com/D_625375-MLA53264887222_012023-O.jpg
956504ec-c4fb-4fa0-9a7a-454a0a9917e0,ML-MLA1277656631,"Sombrero Lagomarsino, Pampa Panama Ala 8","Importado de Mercado Libre - MLA1277656631","General",Variant,"Tostado / XXL",ML-MLA1277656631-192170229141,349999,3,http://http2.mlstatic.com/D_625375-MLA53264887222_012023-O.jpg
dc6b8133-bfa3-4668-ae83-7024c11ad5f9,ML-MLA1277656631,"Sombrero Lagomarsino, Pampa Panama Ala 8","Importado de Mercado Libre - MLA1277656631","General",Variant,"Tostado / XL",ML-MLA1277656631-192170229139,349999,2,http://http2.mlstatic.com/D_625375-MLA53264887222_012023-O.jpg
9055263d-bfe0-4e3c-9bcd-6e42de3302cf,ML-MLA1277656631,"Sombrero Lagomarsino, Pampa Panama Ala 8","Importado de Mercado Libre - MLA1277656631","General",Variant,"Natural / L",ML-MLA1277656631-192170229129,349999,2,http://http2.mlstatic.com/D_625375-MLA53264887222_012023-O.jpg
b59e08c0-8d7a-473d-b7db-40509bb98b23,ML-MLA1495453484,"Cuchillo Artesanal Mission Verijero Inoxidable 101","Importado de Mercado Libre - MLA1495453484","General",Variant,"Principal",ML-MLA1495453484,27610.74,0,http://http2.mlstatic.com/D_743151-MLA71502330357_092023-O.jpg
ea1b540f-6f9b-4468-a4b1-73f4f81be073,ML-MLA1368679547,"Cuchilla Artesanal Mission N 16 Asta De Ciervo 0306","Importado de Mercado Libre - MLA1368679547","General",Variant,"Principal",ML-MLA1368679547,68340.55,2,http://http2.mlstatic.com/D_633039-MLA69261752726_052023-O.jpg
456b3015-6c57-42d0-b548-e6021924de41,ML-MLA1437774008,"Tabla De Virapitá 50x27x2 Cm Con Herraduras De Hierro","Importado de Mercado Libre - MLA1437774008","General",Variant,"MuyCriollo",ML-MLA1437774008-178046618604,67030.51,2,http://http2.mlstatic.com/D_849251-MLA70124945879_062023-O.jpg
26ee0564-b987-4ca5-9f7e-9ca3392c77b6,ML-MLA1369415317,"Cuchillo Artesanal Mission L 0110","Importado de Mercado Libre - MLA1369415317","General",Variant,"Principal",ML-MLA1369415317,24805.1,2,http://http2.mlstatic.com/D_888000-MLA69389322337_052023-O.jpg
38cf5e43-01ec-44c0-92bd-5c83db41a809,ML-MLA934513863,"Sombrero Australiano Cuero Engrasado Lagomarsino","Importado de Mercado Libre - MLA934513863","General",Variant,"Marrón oscuro / L",ML-MLA934513863-174168977359,173000,2,http://http2.mlstatic.com/D_663848-MLA47120158822_082021-O.jpg
6cdd49b1-11b0-4d0b-92e0-af7d70d2aee1,ML-MLA934513863,"Sombrero Australiano Cuero Engrasado Lagomarsino","Importado de Mercado Libre - MLA934513863","General",Variant,"Marrón oscuro / XL",ML-MLA934513863-94479441322,173000,3,http://http2.mlstatic.com/D_663848-MLA47120158822_082021-O.jpg
a81e1072-c237-427d-a6af-3b5b38ca9836,ML-MLA934513863,"Sombrero Australiano Cuero Engrasado Lagomarsino","Importado de Mercado Libre - MLA934513863","General",Variant,"Marrón oscuro / M",ML-MLA934513863-173964436921,173000,1,http://http2.mlstatic.com/D_663848-MLA47120158822_082021-O.jpg
58ff3281-7561-4212-a0c1-94adae23e8ea,ML-MLA934513863,"Sombrero Australiano Cuero Engrasado Lagomarsino","Importado de Mercado Libre - MLA934513863","General",Variant,"Negro / M",ML-MLA934513863-175035017826,173000,2,http://http2.mlstatic.com/D_663848-MLA47120158822_082021-O.jpg
378cf4c3-064c-4280-8e62-e20290e91a92,ML-MLA934513863,"Sombrero Australiano Cuero Engrasado Lagomarsino","Importado de Mercado Libre - MLA934513863","General",Variant,"Negro / L",ML-MLA934513863-175035017827,173000,2,http://http2.mlstatic.com/D_663848-MLA47120158822_082021-O.jpg
6b120999-a9da-4ede-9ccb-04793292e56b,ML-MLA934513863,"Sombrero Australiano Cuero Engrasado Lagomarsino","Importado de Mercado Libre - MLA934513863","General",Variant,"Negro / XL",ML-MLA934513863-175035017828,173000,2,http://http2.mlstatic.com/D_663848-MLA47120158822_082021-O.jpg
72e26fb5-a8f6-4646-b9d2-80016ce602b1,ML-MLA934513863,"Sombrero Australiano Cuero Engrasado Lagomarsino","Importado de Mercado Libre - MLA934513863","General",Variant,"Marrón oscuro / XXL",ML-MLA934513863-175561148505,173000,2,http://http2.mlstatic.com/D_663848-MLA47120158822_082021-O.jpg
15639011-2127-4958-9f75-6eaadf1a82c5,ML-MLA934513863,"Sombrero Australiano Cuero Engrasado Lagomarsino","Importado de Mercado Libre - MLA934513863","General",Variant,"Negro / XXL",ML-MLA934513863-175624105737,173000,2,http://http2.mlstatic.com/D_663848-MLA47120158822_082021-O.jpg
1d879531-e1c1-4140-a3b7-76935718b7de,ML-MLA934513863,"Sombrero Australiano Cuero Engrasado Lagomarsino","Importado de Mercado Libre - MLA934513863","General",Variant,"Negro / S",ML-MLA934513863-175624105738,173000,1,http://http2.mlstatic.com/D_663848-MLA47120158822_082021-O.jpg
ef91a114-90f1-41c2-af9a-79841284f6ed,ML-MLA934513863,"Sombrero Australiano Cuero Engrasado Lagomarsino","Importado de Mercado Libre - MLA934513863","General",Variant,"Negro / XS",ML-MLA934513863-175813422972,173000,2,http://http2.mlstatic.com/D_663848-MLA47120158822_082021-O.jpg
9cce771c-286c-46b0-bdc3-9e2c64d0c289,ML-MLA934513863,"Sombrero Australiano Cuero Engrasado Lagomarsino","Importado de Mercado Libre - MLA934513863","General",Variant,"Marrón oscuro / XS",ML-MLA934513863-179403081933,173000,1,http://http2.mlstatic.com/D_663848-MLA47120158822_082021-O.jpg
42f0aee9-56fe-436c-a20c-69a797e83752,ML-MLA934513863,"Sombrero Australiano Cuero Engrasado Lagomarsino","Importado de Mercado Libre - MLA934513863","General",Variant,"Marrón oscuro / S",ML-MLA934513863-174246515763,173000,5,http://http2.mlstatic.com/D_663848-MLA47120158822_082021-O.jpg
e9b13af1-4b43-4c89-9ea3-237bf2bbfae0,ML-MLA1369427813,"Cuchillo Artesanal Mission Campero Mediano Embutido 0800","Importado de Mercado Libre - MLA1369427813","General",Variant,"Principal",ML-MLA1369427813,39999,2,http://http2.mlstatic.com/D_942533-MLA69379687054_052023-O.jpg
1519c0e9-3ac9-4c66-ab85-eb58925493a4,ML-MLA2035558254,"Gorra Escudo Lagomarsino Edicion Limitada Formula 1 En Lana","Importado de Mercado Libre - MLA2035558254","General",Variant,"Beige / Unico",ML-MLA2035558254-183189888372,67999,2,http://http2.mlstatic.com/D_973658-MLA83263772861_032025-O.jpg
c6e43f0c-cae9-4747-9e06-0de401631a51,ML-MLA2035558254,"Gorra Escudo Lagomarsino Edicion Limitada Formula 1 En Lana","Importado de Mercado Libre - MLA2035558254","General",Variant,"Verde musgo / Unico",ML-MLA2035558254-183189888370,67999,0,http://http2.mlstatic.com/D_973658-MLA83263772861_032025-O.jpg
dda9d819-ab22-474f-a91e-620333a2be9a,ML-MLA2035558254,"Gorra Escudo Lagomarsino Edicion Limitada Formula 1 En Lana","Importado de Mercado Libre - MLA2035558254","General",Variant,"Gris / Unico",ML-MLA2035558254-183189888374,67999,2,http://http2.mlstatic.com/D_973658-MLA83263772861_032025-O.jpg
6f06d6aa-a0e5-4047-b8ec-63301afc4593,ML-MLA2035558254,"Gorra Escudo Lagomarsino Edicion Limitada Formula 1 En Lana","Importado de Mercado Libre - MLA2035558254","General",Variant,"Negro / Unico",ML-MLA2035558254-183189888376,67999,1,http://http2.mlstatic.com/D_973658-MLA83263772861_032025-O.jpg
8803341b-e514-4862-a0b7-9278e792dd19,ML-MLA2035558520,"Gorra Logo Lagomarsino Edicion Limitada Formula 1 En Lana","Importado de Mercado Libre - MLA2035558520","General",Variant,"Verde oscuro / Unico",ML-MLA2035558520-189186817421,67999,2,http://http2.mlstatic.com/D_994645-MLA82975420988_032025-O.jpg
e9a931ac-5349-4281-aba9-04818aac8c5d,ML-MLA2035558520,"Gorra Logo Lagomarsino Edicion Limitada Formula 1 En Lana","Importado de Mercado Libre - MLA2035558520","General",Variant,"Gris / Unico",ML-MLA2035558520-187298372427,67999,2,http://http2.mlstatic.com/D_994645-MLA82975420988_032025-O.jpg
1b5a14a3-65f8-4c70-a46e-4ada113a6a66,ML-MLA2035558520,"Gorra Logo Lagomarsino Edicion Limitada Formula 1 En Lana","Importado de Mercado Libre - MLA2035558520","General",Variant,"Beige / Unico",ML-MLA2035558520-187298372425,67999,1,http://http2.mlstatic.com/D_994645-MLA82975420988_032025-O.jpg
69454e5c-ca8d-4df6-8414-99a1a9d8a19f,ML-MLA2035558520,"Gorra Logo Lagomarsino Edicion Limitada Formula 1 En Lana","Importado de Mercado Libre - MLA2035558520","General",Variant,"Negro / Unico",ML-MLA2035558520-187298372429,67999,0,http://http2.mlstatic.com/D_994645-MLA82975420988_032025-O.jpg
d4a5e8cd-c4de-42c7-8fbb-627feaa01922,ML-MLA2035558520,"Gorra Logo Lagomarsino Edicion Limitada Formula 1 En Lana","Importado de Mercado Libre - MLA2035558520","General",Variant,"Azul oscuro / Unico",ML-MLA2035558520-189186817419,67999,0,http://http2.mlstatic.com/D_994645-MLA82975420988_032025-O.jpg
fd8c7243-c32c-424e-bf66-7837b8747474,ML-MLA1496850071,"Gorra Boina Kent Lagomarsino Paño De Lana","Importado de Mercado Libre - MLA1496850071","General",Variant,"Negro / Lisa / L",ML-MLA1496850071-183589639676,84899,0,http://http2.mlstatic.com/D_733229-MLA84315747212_052025-O.jpg
a9960b38-4a61-4e6e-843e-deada45f56af,ML-MLA1496850071,"Gorra Boina Kent Lagomarsino Paño De Lana","Importado de Mercado Libre - MLA1496850071","General",Variant,"Marrón claro / Lisa / XL",ML-MLA1496850071-183589639692,84899,0,http://http2.mlstatic.com/D_733229-MLA84315747212_052025-O.jpg
b7db55cb-577e-43af-a836-fc45d4dc9092,ML-MLA1496850071,"Gorra Boina Kent Lagomarsino Paño De Lana","Importado de Mercado Libre - MLA1496850071","General",Variant,"Marrón claro / Lisa / XXL",ML-MLA1496850071-183589639694,84899,0,http://http2.mlstatic.com/D_733229-MLA84315747212_052025-O.jpg
c20dacd3-4363-41bc-9506-4156a422772e,ML-MLA1496850071,"Gorra Boina Kent Lagomarsino Paño De Lana","Importado de Mercado Libre - MLA1496850071","General",Variant,"Azul oscuro / Lisa / M",ML-MLA1496850071-188828160231,84899,2,http://http2.mlstatic.com/D_733229-MLA84315747212_052025-O.jpg
6867c101-1650-499d-82dc-85732a384b51,ML-MLA1496850071,"Gorra Boina Kent Lagomarsino Paño De Lana","Importado de Mercado Libre - MLA1496850071","General",Variant,"Azul oscuro / Lisa / L",ML-MLA1496850071-188828160233,84899,2,http://http2.mlstatic.com/D_733229-MLA84315747212_052025-O.jpg
46f127c9-6fc1-4cd4-ba97-c85e1fd419ba,ML-MLA1496850071,"Gorra Boina Kent Lagomarsino Paño De Lana","Importado de Mercado Libre - MLA1496850071","General",Variant,"Azul oscuro / Lisa / XL",ML-MLA1496850071-188828160235,84899,2,http://http2.mlstatic.com/D_733229-MLA84315747212_052025-O.jpg
b49f8802-2822-4a8c-91d5-70e613a51c81,ML-MLA1496850071,"Gorra Boina Kent Lagomarsino Paño De Lana","Importado de Mercado Libre - MLA1496850071","General",Variant,"Gris oscuro / Lisa / M",ML-MLA1496850071-188828160239,84899,1,http://http2.mlstatic.com/D_733229-MLA84315747212_052025-O.jpg
4edbda0a-873b-4e64-8925-1413940e11ff,ML-MLA1496850071,"Gorra Boina Kent Lagomarsino Paño De Lana","Importado de Mercado Libre - MLA1496850071","General",Variant,"Gris oscuro / Lisa / L",ML-MLA1496850071-188828160241,84899,2,http://http2.mlstatic.com/D_733229-MLA84315747212_052025-O.jpg
a0286994-0bb0-4ce5-95f2-9780045a1c6a,ML-MLA1496850071,"Gorra Boina Kent Lagomarsino Paño De Lana","Importado de Mercado Libre - MLA1496850071","General",Variant,"Gris oscuro / Lisa / XL",ML-MLA1496850071-188828160243,84899,1,http://http2.mlstatic.com/D_733229-MLA84315747212_052025-O.jpg
567c9520-1312-41b8-88e9-beb6b3e5e349,ML-MLA1496850071,"Gorra Boina Kent Lagomarsino Paño De Lana","Importado de Mercado Libre - MLA1496850071","General",Variant,"Gris oscuro / Lisa / XXL",ML-MLA1496850071-188828160245,84899,0,http://http2.mlstatic.com/D_733229-MLA84315747212_052025-O.jpg
e9921d4f-1e4b-423d-86fc-67b7b8dc423e,ML-MLA1496850071,"Gorra Boina Kent Lagomarsino Paño De Lana","Importado de Mercado Libre - MLA1496850071","General",Variant,"Gris oscuro / Lisa / S",ML-MLA1496850071-188828160237,84899,1,http://http2.mlstatic.com/D_733229-MLA84315747212_052025-O.jpg
5aadebb8-e804-48eb-adc1-72d3c2f24de3,ML-MLA1496850071,"Gorra Boina Kent Lagomarsino Paño De Lana","Importado de Mercado Libre - MLA1496850071","General",Variant,"Marrón claro / Lisa / S",ML-MLA1496850071-183589639690,84899,1,http://http2.mlstatic.com/D_733229-MLA84315747212_052025-O.jpg
f325ca77-9d16-40eb-9f5c-fc88ab8f7a0c,ML-MLA1496850071,"Gorra Boina Kent Lagomarsino Paño De Lana","Importado de Mercado Libre - MLA1496850071","General",Variant,"Negro / Lisa / M",ML-MLA1496850071-183589639678,84899,0,http://http2.mlstatic.com/D_733229-MLA84315747212_052025-O.jpg
6ec5cf2e-d318-4f06-856e-99954387fbbf,ML-MLA1496850071,"Gorra Boina Kent Lagomarsino Paño De Lana","Importado de Mercado Libre - MLA1496850071","General",Variant,"Negro / Lisa / S",ML-MLA1496850071-183589639680,84899,0,http://http2.mlstatic.com/D_733229-MLA84315747212_052025-O.jpg
28e5e380-8149-4833-a4bd-02ee7e851f88,ML-MLA1496850071,"Gorra Boina Kent Lagomarsino Paño De Lana","Importado de Mercado Libre - MLA1496850071","General",Variant,"Negro / Lisa / XL",ML-MLA1496850071-183589639682,84899,0,http://http2.mlstatic.com/D_733229-MLA84315747212_052025-O.jpg
9f2ef968-9923-4173-9282-6b72067a7669,ML-MLA1496850071,"Gorra Boina Kent Lagomarsino Paño De Lana","Importado de Mercado Libre - MLA1496850071","General",Variant,"Negro / Lisa / XXL",ML-MLA1496850071-183589639684,84899,0,http://http2.mlstatic.com/D_733229-MLA84315747212_052025-O.jpg
be9bae38-7990-4e1a-ad39-062bd16e3f69,ML-MLA1496850071,"Gorra Boina Kent Lagomarsino Paño De Lana","Importado de Mercado Libre - MLA1496850071","General",Variant,"Marrón claro / Lisa / L",ML-MLA1496850071-183589639686,84899,0,http://http2.mlstatic.com/D_733229-MLA84315747212_052025-O.jpg
4d16a765-932c-48ca-be4e-30a5ea03b5a0,ML-MLA1496850071,"Gorra Boina Kent Lagomarsino Paño De Lana","Importado de Mercado Libre - MLA1496850071","General",Variant,"Marrón claro / Lisa / M",ML-MLA1496850071-183589639688,84899,0,http://http2.mlstatic.com/D_733229-MLA84315747212_052025-O.jpg
41367bff-41c0-4c6c-8fec-fac294b638e3,ML-MLA1590456498,"Caja De Carton Marca Lagomarsino","Importado de Mercado Libre - MLA1590456498","General",Variant,"Caqui",ML-MLA1590456498-180956113627,6999,4,http://http2.mlstatic.com/D_880754-MLA73182444854_122023-O.jpg
93b5cee1-95be-481e-85ce-e5ecf8290b67,ML-MLA2090988932,"Sombrero Pampa Lagomarsino Ala 12 Pelo De Liebre","Importado de Mercado Libre - MLA2090988932","General",Variant,"Marrón oscuro / Lisa / S",ML-MLA2090988932-183707109152,355199,1,http://http2.mlstatic.com/D_771375-MLA84823186354_052025-O.jpg
6275b20e-b524-4c86-aa95-3657e3c3ff46,ML-MLA2090988932,"Sombrero Pampa Lagomarsino Ala 12 Pelo De Liebre","Importado de Mercado Libre - MLA2090988932","General",Variant,"Marrón oscuro / Lisa / M",ML-MLA2090988932-183707109154,355199,0,http://http2.mlstatic.com/D_771375-MLA84823186354_052025-O.jpg
4fc0d98f-5bdd-44a3-a45a-378ef7b3b266,ML-MLA2090988932,"Sombrero Pampa Lagomarsino Ala 12 Pelo De Liebre","Importado de Mercado Libre - MLA2090988932","General",Variant,"Marrón oscuro / Lisa / L",ML-MLA2090988932-183707109156,355199,2,http://http2.mlstatic.com/D_771375-MLA84823186354_052025-O.jpg
876b0161-4bb8-4cfd-9ab6-b0b5c84ec402,ML-MLA2090988932,"Sombrero Pampa Lagomarsino Ala 12 Pelo De Liebre","Importado de Mercado Libre - MLA2090988932","General",Variant,"Marrón oscuro / Lisa / XL",ML-MLA2090988932-183707109158,355199,0,http://http2.mlstatic.com/D_771375-MLA84823186354_052025-O.jpg
7804fa41-2048-4096-8b82-49e47ba5b337,ML-MLA2090988932,"Sombrero Pampa Lagomarsino Ala 12 Pelo De Liebre","Importado de Mercado Libre - MLA2090988932","General",Variant,"Marrón oscuro / Lisa / XXL",ML-MLA2090988932-183707109160,355199,0,http://http2.mlstatic.com/D_771375-MLA84823186354_052025-O.jpg